{"type":"FeatureCollection","name":"Neighborhoods_sample","features":[{"type":"Feature","properties":{"fid":1,"buurtcode":"BU03620401","buurtnaam":"Stadshart","wijkcode":"WK036204","gemeentecode":"GM0362","gemeentenaam":"Amstelveen","wijknaam":"Stadshart","id_kv":1},"geometry":{"type":"Polygon","coordinates":[[[4.857296745844306,52.306325723050186],[4.857297004962856,52.30632563433261],[4.857297137434973,52.30632546865092],[4.85729883009887,52.30632332723977],[4.857298916960706,52.306323051702],[4.857298968760995,52.3063228883552],[4.857299067866605,52.30632256973061],[4.857307042467379,52.30629714378192],[4.857307101887812,52.306296956202104],[4.857309372892447,52.30629722073251],[4.857426599379163,52.306310912157485],[4.857427012283511,52.30631096074372],[4.857427446432116,52.30631094920655],[4.857617414234491,52.30630713614032],[4.85827660261133,52.30629317965907],[4.858311654780662,52.30629244660668],[4.85833721801667,52.30629190479967],[4.858460313501634,52.3062892644571],[4.858461023354793,52.306289248755895],[4.858461736129609,52.306289233966574],[4.858578917941784,52.306286738732226],[4.858663862085824,52.30628515899538],[4.858665638115089,52.30628512558767],[4.85870499990461,52.30628436583862],[4.858706994618284,52.30628431453298],[4.858708990883629,52.30628425604396],[4.858715413838341,52.30628406813593],[4.85891440970203,52.306279465544634],[4.858935942463183,52.30627890111209],[4.85895747016029,52.30627826924413],[4.858978991327078,52.30627756993426],[4.859000513315683,52.3062768014177],[4.859022028741729,52.3062759681554],[4.859043536117585,52.30627507193836],[4.859065032585573,52.30627410646223],[4.859086521067262,52.30627307263892],[4.859108000085701,52.306271971360594],[4.85912947104289,52.306270808026234],[4.859150932547322,52.306269576338124],[4.859172383122038,52.30626827718849],[4.859193824254475,52.306266908786384],[4.859215254446328,52.30626547382147],[4.85923667077583,52.30626397138195],[4.859258073114767,52.306262412252686],[4.859279460167699,52.30626078204732],[4.859300833400701,52.30625908077244],[4.859316424622539,52.30625779858651],[4.859332006007263,52.30625648040322],[4.859347580465831,52.30625512803324],[4.859351729897368,52.306254762770315],[4.859355879350187,52.30625439570981],[4.859360027379458,52.30625402504767],[4.859371438298494,52.3062529911379],[4.859382843597803,52.30625193652991],[4.859394243288049,52.306250860324944],[4.859409784208975,52.30624936848543],[4.859425315281896,52.30624784154732],[4.859440836528122,52.30624627771316],[4.859456349413786,52.3062446769895],[4.859471852408645,52.30624304476217],[4.859487345523343,52.306241380132526],[4.859502825974895,52.306239670505086],[4.859518295058694,52.30623793026625],[4.859533755717727,52.306236158530325],[4.859544353783389,52.30623492324489],[4.859554946229188,52.30623366726141],[4.859565530122767,52.30623239056676],[4.859576112645599,52.306231105775986],[4.859586690961355,52.30622980478737],[4.859597262137683,52.306228487587866],[4.859607832103277,52.30622714881114],[4.859618394929413,52.306225793823515],[4.859628952082258,52.30622442263156],[4.859639503487118,52.30622304152636],[4.859650047795165,52.30622164061529],[4.859660584974386,52.30622022259458],[4.859671116501604,52.30621878657206],[4.859681640878634,52.30621733523735],[4.859692161027143,52.306215869502275],[4.860488415460378,52.306098962939885],[4.860585963396904,52.30608423480319],[4.860600453668705,52.30608193731237],[4.860614933942054,52.30607961730566],[4.86062940423823,52.30607727298562],[4.860643874607423,52.30607492237257],[4.86065833499941,52.306072547446206],[4.860672785392874,52.30607015000393],[4.86068723155664,52.30606773816052],[4.860701667689902,52.30606530649744],[4.860716096714336,52.30606285592644],[4.860730512807836,52.30606038282655],[4.860744920283718,52.30605789440721],[4.860759322074303,52.30605539068146],[4.860773709478382,52.30605286352151],[4.860788088264797,52.30605032104211],[4.860802461365867,52.30604776325635],[4.860844943315662,52.30603992616982],[4.860860313802868,52.306037091495995],[4.860915712179667,52.306026876155876],[4.860994307396653,52.30601163193285],[4.861002364392546,52.30601002300168],[4.861010414195361,52.30600840235377],[4.861018455349564,52.30600676908381],[4.861026483584337,52.30600511238747],[4.861034504636648,52.30600344307563],[4.861042517019047,52.30600176293927],[4.861050523812817,52.3060000594091],[4.861058520534333,52.305998339655474],[4.861066507194225,52.30599660277962],[4.861074489582676,52.305994855098845],[4.861082461877569,52.30599309299207],[4.861090425555703,52.30599131556705],[4.861098373360726,52.30598951650012],[4.861106312538332,52.305987703013706],[4.86111424307788,52.30598587600654],[4.861182634191989,52.30596818651612],[4.861227028232032,52.30595611553275],[4.861411965779683,52.30592124706111],[4.861416902497094,52.30591927370481],[4.861425661361353,52.30591633766361],[4.861615293831335,52.30585031989314],[4.861628992786156,52.30584623736905],[4.861658366816697,52.30583835073207],[4.86180615656251,52.305799254073186],[4.861819449846677,52.30579599660695],[4.861905827857965,52.30577709234538],[4.861936141625431,52.30577032430615],[4.861994904138312,52.30575703158247],[4.862008037340076,52.30575367002402],[4.862008647664798,52.305753514548],[4.862008889059912,52.305753435628034],[4.862009885237982,52.305753012229935],[4.862011123097893,52.30575248564596],[4.862011709995397,52.30575220333728],[4.862012211016196,52.30575186761894],[4.86201424020454,52.30575050957775],[4.862016397772551,52.30574808974313],[4.862017406084111,52.305745398765204],[4.862017572607916,52.30574495550499],[4.86201757073601,52.305744493521374],[4.862017569924513,52.305743569567156],[4.862017548249761,52.305733616329725],[4.862016345833472,52.30573176398816],[4.862016207068407,52.305731595299264],[4.86201597091037,52.30573147920623],[4.862013432912765,52.305730233905365],[4.862010274426026,52.305729756107716],[4.862010010655826,52.30572974325225],[4.8620096566105,52.305729676967665],[4.862009216231841,52.3057295959192],[4.862060079237028,52.30570967280453],[4.862060152950377,52.30571001107482],[4.862060575522009,52.30571197140279],[4.862062915666458,52.30571382969407],[4.862066418723381,52.305714803351734],[4.862070213431831,52.30571442293696],[4.862073249515076,52.305712974992815],[4.862073494288177,52.305712858338765],[4.862073618124253,52.3057126773341],[4.862073871714126,52.305712310857075],[4.862079888259639,52.30570357441896],[4.862084064762043,52.30569768525012],[4.862089451668857,52.30568974593443],[4.8620929511249,52.30568407486039],[4.862093176846877,52.30568370915838],[4.862093399594065,52.305683347038304],[4.86209347657448,52.30568105098528],[4.862090483859411,52.30567845638909],[4.862084867726024,52.30567775107511],[4.862081492461685,52.30567874362738],[4.86208132914501,52.30567879143666],[4.862081013094036,52.30567898417095],[4.862084067686459,52.30563315701858],[4.862084371255373,52.30563327610714],[4.862084527432983,52.30563333612032],[4.862087644908282,52.30563455433253],[4.862093680464008,52.305633763234475],[4.862096161857658,52.305630739953976],[4.862096276397408,52.30563060115086],[4.86209618300879,52.30563043895499],[4.862088261074547,52.30561665507516],[4.862088161778898,52.305616496448216],[4.8621626885357,52.30559666037166],[4.862167982966478,52.3056041177219],[4.862200015604722,52.305595684607106],[4.862194827135973,52.305588193574835],[4.862248734065285,52.30557408105169],[4.862258444866265,52.3055858766595],[4.862258943576466,52.30558648105863],[4.862259190753573,52.30558678145095],[4.862259312169439,52.305586929390515],[4.862259537213823,52.305586993304225],[4.862263864255822,52.305588217778926],[4.86226798586944,52.30558759344051],[4.862270017558272,52.30558602239408],[4.862270180342395,52.3055858954891],[4.862270205722189,52.30558573292175],[4.86227047475487,52.305584058781136],[4.862270525387069,52.30558374443121],[4.862270582819272,52.3055834750507],[4.862314539464847,52.30561322306784],[4.862313942338499,52.305613378603994],[4.862313427571474,52.30561351293485],[4.862312849526339,52.30561366675809],[4.86231118010333,52.305614111438224],[4.862310916812739,52.30561418217253],[4.862310710128946,52.30561430169244],[4.862308717418655,52.30561567607873],[4.862307869671948,52.30561743663082],[4.862307791489523,52.305617600761416],[4.862307829037683,52.30561777349472],[4.862308488199459,52.30561956590024],[4.862311275388278,52.30562143785477],[4.862328114102733,52.305624745509135],[4.862334959900481,52.30562636224334],[4.862361587416292,52.30563151179964],[4.862361863893184,52.30563156605474],[4.862362115433339,52.30563149706578],[4.86236664450542,52.30563026515593],[4.862368654585427,52.30562717147074],[4.862367305247821,52.305624722586586],[4.86236698944407,52.30562414955819],[4.86244837887978,52.30562423565561],[4.86244864279805,52.305624235927745],[4.862447022616265,52.30562746436423],[4.862449509927179,52.30562989852304],[4.862453939071758,52.305630672253834],[4.862454093145249,52.305630662151955],[4.862454629087272,52.305630597120874],[4.862455116368552,52.30563043121003],[4.862478981263522,52.30562554343925],[4.862479128239666,52.305625513532654],[4.862538562514939,52.30561229542251],[4.862602081339794,52.30559848422561],[4.862667787131963,52.30558447597293],[4.862863487607745,52.30554197734717],[4.862904670836079,52.305533540567154],[4.862959463766177,52.305521233711374],[4.862959776787685,52.305521173082624],[4.86295994146298,52.30552113426601],[4.862960413464799,52.30552102041488],[4.862963068564415,52.30551967322079],[4.862964073816491,52.30551736060962],[4.86296253280242,52.30551425387116],[4.862951472078655,52.30549196262267],[4.862951687984263,52.305491931223436],[4.86295318182514,52.30549170326193],[4.863084849591319,52.30547162912735],[4.863100761822882,52.30546920281429],[4.86310254290019,52.30546898690911],[4.863104322521931,52.30546877009871],[4.863106069450269,52.30546846596128],[4.863108324736429,52.305468073299146],[4.86310944015039,52.30546785714066],[4.863110538362692,52.30546760765087],[4.863112736264004,52.30546710777903],[4.863134664576767,52.30546143474523],[4.863229495859938,52.30543691361899],[4.863362389694504,52.30540235889578],[4.863362939759964,52.305402214830124],[4.863363264795272,52.305402129986355],[4.863364142828326,52.3054019010899],[4.863444031560843,52.30538111457172],[4.863454042614422,52.3053787771236],[4.863991581327612,52.305238815699745],[4.864291594141801,52.30516069889642],[4.864663215031089,52.305063933362774],[4.864775224543173,52.30503476827267],[4.864845406930758,52.305016491383746],[4.864876822100616,52.30500824446225],[4.864938150824081,52.30499226525878],[4.864982801707741,52.30498062541987],[4.865009998572196,52.3049732496348],[4.86519712556019,52.30492251238871],[4.865219897824207,52.30491634386853],[4.865220306696326,52.304916236021306],[4.865220721390744,52.30491613179489],[4.865252540785374,52.30490816068706],[4.865841267650787,52.30477296460909],[4.865870840941797,52.304765590114016],[4.866208647372203,52.304676960175],[4.866208853324767,52.304676901762456],[4.866209062241181,52.304676840666566],[4.866229234501504,52.304670936426575],[4.866666488839174,52.30454285242925],[4.866674511730832,52.304540484388326],[4.866675476988729,52.304540191138734],[4.86667643650845,52.30453988707843],[4.866678352626139,52.30453927804624],[4.866679306323445,52.30453897036517],[4.866680252816455,52.304538651866984],[4.866684570204397,52.3045371968608],[4.866684743890554,52.304537139204214],[4.866689165453751,52.304535552534965],[4.866693527642553,52.3045339026894],[4.866697830425377,52.30453219236367],[4.866702063570957,52.304530418816384],[4.86670621981184,52.30452857662291],[4.866707111539206,52.30452817699286],[4.866707996051741,52.30452776744444],[4.86670976360012,52.304526949239914],[4.86671048748476,52.3045266090898],[4.866710640813591,52.304526536962975],[4.866710766128295,52.30452647819468],[4.866711510801702,52.30452611566647],[4.866713790534645,52.30452500581325],[4.866714923112581,52.30452444725942],[4.866716047020081,52.304523877881984],[4.866718160618351,52.30452280684411],[4.86671829041559,52.304522740905256],[4.86672216328803,52.30452068175588],[4.866725957621227,52.30451856833376],[4.866729669016823,52.30451640061939],[4.866733295977127,52.30451418130268],[4.86673683703602,52.30451191037715],[4.866740290706339,52.30450958963377],[4.86674366135486,52.304507221788185],[4.86674694019541,52.30450480590291],[4.866750124264183,52.30450234466127],[4.866779603640256,52.30451811322885],[4.8667797595467,52.30451819660302],[4.866779993760572,52.30451835402213],[4.866781697055175,52.30451926659281],[4.866787322373446,52.304520182938916],[4.866787644789783,52.3045200702119],[4.866799273737051,52.30451601483249],[4.866855319680647,52.304495416806596],[4.866856108907612,52.30449513087013],[4.866856319467277,52.30449505450101],[4.866857279879168,52.30449467404651],[4.86685826090086,52.30449428649238],[4.866859227198229,52.3044939042662],[4.866859809050252,52.30449367314204],[4.86686047117741,52.304493347998665],[4.866861072857048,52.30449305135045],[4.866861973894594,52.30449260771976],[4.866862873466004,52.304492164082625],[4.866863411734306,52.304491898612895],[4.866863986536225,52.304491518259454],[4.866864508158083,52.30449117182584],[4.866867222637871,52.30448937091944],[4.866868555807755,52.3044884600243],[4.866869858420607,52.30448752922141],[4.86687246218003,52.304485667609214],[4.866873750163113,52.30448473404556],[4.86687501632274,52.30448378600537],[4.866877545699075,52.30448189081079],[4.866878801627285,52.30448094002917],[4.866880031333689,52.30447997475167],[4.866882493668044,52.30447804510822],[4.866883713153558,52.304477076190565],[4.866884910794569,52.3044760945938],[4.866887304599794,52.304474132292526],[4.866888487632091,52.30447314613757],[4.866888577938479,52.304473071935725],[4.866889651731075,52.304472149113856],[4.866891971153236,52.30447015323024],[4.866893120632986,52.304469152547064],[4.86689424825772,52.30446814008353],[4.86689651682833,52.304466104429565],[4.866897638693654,52.304465082952824],[4.866898708041774,52.304464038775436],[4.866900846737866,52.30446195042062],[4.866901032895717,52.30446170407378],[4.866901211870282,52.304461445112324],[4.866902857003735,52.304459059784904],[4.86690442465381,52.304456655242085],[4.866905929450111,52.304454234244666],[4.866907521595601,52.30445161589884],[4.866909077182699,52.30444898930312],[4.866910596211414,52.30444635445752],[4.866912064052154,52.30444370860129],[4.866913492402291,52.304441054482226],[4.866914882727945,52.304438392106896],[4.86691624527089,52.304435723317795],[4.866917556615367,52.30443304441681],[4.86691881821698,52.3044303563092],[4.866919769504621,52.304428250147694],[4.866920242205655,52.30442719795274],[4.866920701764238,52.30442614120608],[4.866921620849773,52.30442403040895],[4.866921996254304,52.30442314855511],[4.866922368758154,52.30442226399212],[4.866924538938968,52.304417110021184],[4.866925148229722,52.3044156620631],[4.866926256038686,52.30441270993496],[4.866926616953256,52.30441156287591],[4.866926906164969,52.30441040381723],[4.866927484609393,52.304408083902395],[4.866927751839867,52.30440692384821],[4.866927994198987,52.30440575919076],[4.86692847599548,52.30440342896412],[4.866928883083227,52.304401093016175],[4.866929078558193,52.3043999254561],[4.866995565247512,52.304380686414994],[4.867014888841919,52.30437473966095],[4.867082082749256,52.30435720418216],[4.867083797442588,52.30435801972996],[4.867084437532212,52.30435832453639],[4.867084656260651,52.30435842706093],[4.867084882277585,52.3043585332126],[4.86708551658691,52.304358830803345],[4.867086716718984,52.304359389732284],[4.867087246078225,52.30435963473197],[4.867088223577864,52.30436004887631],[4.867104072187565,52.304366765081554],[4.867104676192548,52.30436702119481],[4.867104801731382,52.30436706848365],[4.867105178379439,52.30436720765395],[4.867143725742896,52.30438138381315],[4.867144503879298,52.304381669452994],[4.867144909723677,52.30438181953698],[4.867146544110672,52.304382356107496],[4.86716200645054,52.30438750132861],[4.867163769298618,52.30438808609934],[4.86716934523741,52.30438996390961],[4.86717039237142,52.30439031634331],[4.8671912620171,52.30439571272784],[4.867191531003942,52.30439578042052],[4.867194272596509,52.30439642252225],[4.867194623517504,52.304396504955704],[4.867195106041758,52.30439661762766],[4.867195633211898,52.304396673872496],[4.867195831021626,52.30439668462882],[4.867196350520211,52.30439664466996],[4.867199973794223,52.30439636669741],[4.867200315756307,52.3043963376422],[4.867200687072216,52.304396306019704],[4.867206467464017,52.30439574722338],[4.867210912523349,52.304395533082086],[4.867215353552316,52.30439528746537],[4.867219786110508,52.304395013948984],[4.86722421166403,52.30439471253929],[4.867228633134586,52.30439438414791],[4.867233053475429,52.304394026990366],[4.867237465345462,52.30439364193305],[4.867241871676907,52.304393228988886],[4.867246269621643,52.30439278095512],[4.86725065908503,52.30439230592033],[4.867255040067061,52.30439180388463],[4.867259411133158,52.30439127214523],[4.867263772251769,52.30439071339839],[4.867268143296626,52.30439018345616],[4.867269223586518,52.304390083047316],[4.867291769484669,52.304384917975256],[4.867291945901921,52.30438487740666],[4.867292035403681,52.30438474657756],[4.867294088268778,52.30438172130482],[4.867294158724459,52.30438083721053],[4.867294131305084,52.30438067441001],[4.8672941451051,52.304380497410115],[4.867296184244276,52.30435533231703],[4.86731237817215,52.304355843904794],[4.867318423968932,52.30435590912738],[4.86732447075392,52.30435588986821],[4.867330515563318,52.3043557888107],[4.867336553988239,52.304355606834186],[4.867342583075398,52.304355345723266],[4.867348602824767,52.30435500547795],[4.867354603068133,52.30435457796451],[4.867360588109188,52.3043540712909],[4.867366552093968,52.304353484532626],[4.867372499504871,52.30435281051913],[4.867378422885156,52.304352060003],[4.867384319281551,52.304351234768845],[4.867390078704051,52.30435033702966],[4.867395805278159,52.304349364546695],[4.867401493149909,52.304348316395505],[4.867718027785534,52.30428765860779],[4.867719766291096,52.30428731571764],[4.86771999260785,52.30428727087365],[4.867721500534859,52.30428696112455],[4.8677249661321,52.30428624833047],[4.867726547606165,52.30428591823228],[4.867726694584872,52.30428588742036],[4.867728423111144,52.304285520219096],[4.867731054150673,52.304284958350294],[4.867731872854059,52.30428478398676],[4.867732672508507,52.30428460864077],[4.867735311120081,52.30428402613311],[4.867736582687968,52.30428374230927],[4.867737026629789,52.304283643595205],[4.867737391191561,52.3042835625082],[4.867738742202492,52.30428325566485],[4.86774197933805,52.30428252029603],[4.867742171913212,52.30428247710138],[4.867745590105012,52.30428168051149],[4.867747014746973,52.30428134612914],[4.86774729849407,52.30428127996649],[4.867749001134202,52.30428086950953],[4.867752400528921,52.30428005036731],[4.867754098802138,52.30427963719482],[4.867755792761023,52.304279216813],[4.867759179223094,52.3042783751442],[4.867760243869553,52.304278107488244],[4.867760439450424,52.30427805801526],[4.867761698285156,52.304277734588695],[4.867764214477945,52.304277088627856],[4.86776530422678,52.304276805802694],[4.867765468945802,52.30427676248568],[4.867766726345857,52.3042764363564],[4.8677692853603,52.30427576451873],[4.868195345422131,52.3041639116961],[4.868254379419374,52.3041483700998],[4.86844313530082,52.30409814718467],[4.868807553423468,52.30398633635492],[4.868844411063557,52.30397456653135],[4.868881012622216,52.30396250077279],[4.868917352244997,52.303950138154924],[4.868949017870845,52.30393901693905],[4.868980622659191,52.30392783073564],[4.869012165143848,52.30391657953835],[4.869067683064261,52.30389571930348],[4.869129882250916,52.30387259730683],[4.869147256881878,52.30389217793418],[4.86914665276699,52.30389457234642],[4.869148209995117,52.303896823432204],[4.869152021152153,52.30389853523309],[4.869156121283455,52.30389859992875],[4.869156742061408,52.30389842378969],[4.869157368724697,52.303898245878806],[4.869242796159704,52.303874014898575],[4.869243321315972,52.30387386620261],[4.869299539657153,52.303858311755214],[4.869310830822283,52.30385477324908],[4.869313512208523,52.30385189989183],[4.869354762399055,52.30383357363576],[4.869355095726387,52.30383353015598],[4.869359026590725,52.303833021577745],[4.869370852487985,52.303825491208755],[4.869379703684577,52.303818198575726],[4.869387363989416,52.30381043336026],[4.869393778476786,52.30380225374307],[4.86940170075796,52.30378936839942],[4.869408308157115,52.30377620766338],[4.86941357664194,52.303762820863106],[4.86941689883232,52.303754023723705],[4.869418916386823,52.30374507886474],[4.869419616729393,52.30373605903282],[4.869418646059158,52.303725996485646],[4.869415688705172,52.30372373927378],[4.869415648083589,52.30372357641593],[4.869407601707654,52.30369174039509],[4.869407486786137,52.303691285107],[4.869407687556865,52.30369129317625],[4.869407693127812,52.303691192536775],[4.869469762452383,52.303663193887154],[4.869501951786149,52.30365378070917],[4.869555276740601,52.30363736861836],[4.869559694095399,52.30364242114515],[4.869560895008276,52.30364379524996],[4.869561262118912,52.30364412401426],[4.869561621972373,52.30364444645529],[4.869561735144579,52.30364454851324],[4.869562008435267,52.3036447501383],[4.869594856914324,52.303672905418416],[4.869595106601356,52.30367311952309],[4.869595180471857,52.303673197141805],[4.869595517245145,52.30367348712549],[4.869595930935469,52.30367371902479],[4.869617664040939,52.30368591986325],[4.869617870907149,52.3036860340154],[4.86962851627211,52.30369123602879],[4.869639842739578,52.30369586579965],[4.869651771548535,52.30369988793043],[4.869664213591487,52.30370327416882],[4.869677079708507,52.303706000756044],[4.869690277765542,52.30370804751565],[4.869707459765396,52.30370943312286],[4.869724781328843,52.30370978753359],[4.869742076828158,52.303709106427945],[4.869759180510059,52.30370739627111],[4.869766496947861,52.30370649174662],[4.869766727469544,52.3037064630952],[4.869767032824686,52.30370642937853],[4.869767213394619,52.30370640949645],[4.869767570178064,52.303706366118135],[4.869829001806282,52.30369899878569],[4.869829465697981,52.30369894868541],[4.869829990620065,52.303698819759106],[4.869849526147105,52.30369400503984],[4.869849786398492,52.30369394146576],[4.869907385057623,52.30367942637013],[4.869946969978981,52.30366822088463],[4.869960726560093,52.30366410169856],[4.869986263526003,52.30365559403218],[4.87011278229858,52.30360993173754],[4.870218074449837,52.30357782007519],[4.87029652147648,52.303555756250475],[4.870418115238722,52.30352127994839],[4.870438723857113,52.30351545599188],[4.870458437324387,52.30350856485879],[4.870477106969369,52.30350065713065],[4.870494595745418,52.303491792427884],[4.870510557911238,52.303480938334694],[4.870524687743202,52.30346916936128],[4.870536849014476,52.30345660085634],[4.87055046072238,52.30343932995399],[4.870549961776895,52.30343684623044],[4.870685343741556,52.303397111776505],[4.870727223801932,52.30338644633659],[4.870823948211424,52.303362286916666],[4.870961663015655,52.30332577728455],[4.870966240115856,52.303331730139185],[4.870969749974526,52.30333628432069],[4.870982669583467,52.30335005616241],[4.871011576880023,52.303342935429356],[4.871012253239108,52.303342769409795],[4.871222771032581,52.30328782854784],[4.871569547981489,52.30319661329773],[4.871581151285592,52.303193563077436],[4.871614917147562,52.303184677493725],[4.871660286289307,52.30317274167229],[4.871690596108652,52.3031647667504],[4.871794966996077,52.30313731436377],[4.871999752463604,52.30308344365884],[4.872102667081065,52.30305637113503],[4.872106393644679,52.30305539151163],[4.872054345084381,52.302961312844594],[4.872050299106552,52.30295367352927],[4.871931457855417,52.30274590511493],[4.871822310552363,52.30256833303511],[4.871701824882696,52.302381174423],[4.871694244842709,52.30236854941158],[4.871680645936436,52.30234799874655],[4.871611899725301,52.30224408628225],[4.871604604185489,52.302232217483954],[4.871523606683544,52.30210651175127],[4.871434090945473,52.301969738925706],[4.871426490968015,52.301957581176744],[4.871377652123728,52.301883156425234],[4.871350366948302,52.30184154951699],[4.871344937137647,52.30183328307914],[4.871337228061352,52.30182042379605],[4.871249410426249,52.30168485540764],[4.871248799733392,52.30168391351339],[4.871248253864128,52.30168307076827],[4.871248189050992,52.30168297072041],[4.871240253030756,52.30167072161406],[4.871167229083005,52.30155799290366],[4.871154946173017,52.301538795193856],[4.871148135022188,52.301528159813806],[4.871065898170259,52.30139968816678],[4.871039215796248,52.30135798494537],[4.870840358063366,52.30104730575402],[4.870552446817261,52.30059472351078],[4.870541878878758,52.30057812172475],[4.870214007147466,52.30006269173432],[4.869689207043101,52.299239113501855],[4.869664674465869,52.299200601052284],[4.869585029824613,52.29907560894672],[4.869558711899457,52.29903432040053],[4.869476188427798,52.29890481270054],[4.869449324013591,52.29886263193811],[4.869327686434093,52.2986717446979],[4.869320095133028,52.29865893971492],[4.869290738830247,52.298612857159405],[4.869287694045466,52.29860806767964],[4.868571039156836,52.29877733567692],[4.868570354115082,52.298777497150496],[4.868570179176714,52.298777538626226],[4.868569670528767,52.29877765952921],[4.86848045524242,52.29879852722575],[4.868475639616423,52.298790344233154],[4.868422624965755,52.29880324294573],[4.868158659790311,52.29886445146144],[4.867740307363239,52.298962137154696],[4.867282429799554,52.299069812879814],[4.867061610118363,52.29912192416846],[4.867051010929266,52.29912442111459],[4.866774005731437,52.2991897934853],[4.866773741114772,52.2991898561346],[4.866260356678916,52.29930854452224],[4.865872463456975,52.299398421512024],[4.865403565683032,52.29950870180539],[4.865144836601709,52.29957024128651],[4.864685404853422,52.29967685752806],[4.864422467238456,52.29973831392348],[4.864016630156021,52.29983374090551],[4.863670509928712,52.29991490648896],[4.863470348243136,52.29996119751204],[4.862960024912817,52.300078744602665],[4.86284469614906,52.30010564628549],[4.862177836296316,52.30026314794065],[4.861687618717725,52.30037835208674],[4.861380891906347,52.300450086991496],[4.860989813518909,52.30054107529993],[4.860660064786942,52.30061808963031],[4.860543621180784,52.30064604467797],[4.85972912390198,52.30080868117239],[4.859722123457612,52.30080917124588],[4.859633924541015,52.30082893760236],[4.859423894254937,52.30087591926842],[4.859306001934347,52.30090228926647],[4.858947578729824,52.30098593869483],[4.85860759726422,52.30106602938381],[4.858339314463185,52.30113037843687],[4.858089297496042,52.30118875977508],[4.857447705186002,52.30133797117855],[4.857248793983337,52.30138404158879],[4.856968619033291,52.30144848704481],[4.85695443702708,52.3014518460376],[4.856902074147242,52.30146424818797],[4.856901390487891,52.30146440960032],[4.856900709782012,52.30146456922833],[4.856763381933174,52.30149690556764],[4.856776424416034,52.30151765950273],[4.8568495137729,52.301634011525834],[4.856885549370214,52.30169308851595],[4.856897094963296,52.30171213162694],[4.856950189934254,52.30182567959461],[4.856907027166207,52.301880415353764],[4.856901107221731,52.30187867842074],[4.856896445354278,52.301879631801164],[4.856896147010514,52.301879692479616],[4.856895988097357,52.30187986343515],[4.856893999607067,52.30188199003365],[4.856928675007143,52.301999677908576],[4.856961376190741,52.30210847871497],[4.856963335103622,52.302115099863016],[4.856965348335503,52.30212171496303],[4.856967414420372,52.30212832400849],[4.856969540666995,52.30213492882966],[4.856971724175487,52.30214152671721],[4.85697396641191,52.30214811767774],[4.856976268895933,52.30215469722408],[4.856978628652619,52.3021612689381],[4.856981047148035,52.302167832826285],[4.856983517009122,52.30217439245077],[4.856986042687629,52.3021809433376],[4.856988627094214,52.302187487297346],[4.856991274712786,52.30219401715982],[4.856993975163165,52.30220054276517],[4.856996734459621,52.302207051557325],[4.856997066709058,52.30220783588902],[4.856997400403105,52.30220862202479],[4.856997565789455,52.302209014636695],[4.856997894495882,52.30220935854761],[4.857000557308931,52.30221215672029],[4.857000871322842,52.30221250326165],[4.857001374104843,52.302212757175546],[4.857005454691756,52.30221481481316],[4.857005816082688,52.302214999785484],[4.857006431859728,52.30221512208444],[4.857012869097249,52.30221639216489],[4.857027815727785,52.302255639028395],[4.857027852687077,52.302255736262886],[4.857024357515757,52.30225622301598],[4.857024071155255,52.30225626217764],[4.857023832241455,52.30225637974634],[4.857021517643726,52.30225769777553],[4.857021290318881,52.302257827080396],[4.857021214958494,52.302257999309425],[4.857020198952061,52.30226033339491],[4.857020105784761,52.30226052351978],[4.85702020466891,52.30226071450563],[4.85703170603655,52.30228323660136],[4.857031873650649,52.30228356540945],[4.857031995530613,52.30228379514612],[4.857053246348194,52.30232207351225],[4.85707717830027,52.30236346200571],[4.857300361600365,52.30272417320827],[4.857331176525213,52.30277486794991],[4.857346936114426,52.30279945832008],[4.857350161877368,52.30280447900645],[4.857358632191718,52.3028183402732],[4.857389119374223,52.302868251586865],[4.857420738370755,52.30291915662577],[4.85743298030448,52.302938866999824],[4.857457550540171,52.302978424746016],[4.857519572534434,52.30306850377479],[4.857399211490857,52.303170279705576],[4.857367550490902,52.30319840197853],[4.857283930414059,52.303289738508305],[4.857283119339249,52.303290623773016],[4.857282728350076,52.303291075907765],[4.857282343289489,52.3032915226764],[4.85728158182545,52.30329242793667],[4.857280820329231,52.30329333589312],[4.857280439613257,52.30329378717513],[4.857280145117143,52.30329426221188],[4.857279604333951,52.30329522688192],[4.857279292746595,52.30329578273279],[4.857279136952912,52.30329606065821],[4.857279023611135,52.303296344166554],[4.857278808602604,52.30329691572946],[4.857278328715573,52.30329818356304],[4.857271060375635,52.30332000046889],[4.857246251617325,52.30339512663044],[4.857212285383389,52.303498020169165],[4.857183835575698,52.30358707016012],[4.857170533112351,52.30362431912536],[4.857158838494906,52.303657062493485],[4.857142177961007,52.3037078770518],[4.857141837112947,52.30370891901399],[4.857141786931306,52.30370906978503],[4.857141496286307,52.30370995917868],[4.857140793121629,52.303712122099924],[4.857140596857623,52.30371271981136],[4.857037388258458,52.30402890826143],[4.857005948040878,52.30412768223735],[4.857004358236869,52.3041326373039],[4.856996279810849,52.30415781291437],[4.856996083360643,52.30415842590399],[4.856995910636137,52.30415901653038],[4.856995559159133,52.30416033437153],[4.856987469592211,52.30419320263415],[4.85698598324124,52.30419931759709],[4.856984517393897,52.30420543444953],[4.856983072039466,52.304211554090166],[4.856981653095989,52.30421767205165],[4.856980256111547,52.304223792807846],[4.856978879630768,52.304229915453526],[4.856977520721442,52.304236039975535],[4.85697618377118,52.304242167292315],[4.856974862937001,52.3042482955801],[4.856973571392439,52.30425442669558],[4.856972301817687,52.30426055970706],[4.85697105128054,52.304266694601424],[4.856969818347057,52.304272828675906],[4.856968607372693,52.30427896554518],[4.856967415446679,52.304285103398634],[4.856961852792655,52.3043154538057],[4.856956808758765,52.30434583799489],[4.85695228191211,52.3043762532635],[4.856948269375136,52.30440669510477],[4.856944778500901,52.30443716175414],[4.856941807877972,52.30446764871141],[4.856933022236484,52.304606777219185],[4.856927904001247,52.30466758495052],[4.856921900524365,52.30472836264727],[4.85691501186656,52.30478910491684],[4.856907226380991,52.30484980451662],[4.856898554359081,52.30491045879619],[4.856889000238512,52.304971064180144],[4.856883875109068,52.3050014758615],[4.856878522882774,52.30503187304249],[4.856872942103762,52.30506225481766],[4.856855032740274,52.305152529377764],[4.856829369613227,52.30528190226601],[4.856827251387775,52.30529107835068],[4.856799142036506,52.30543866762048],[4.856794613515516,52.30546060463064],[4.856786007385835,52.30550232358843],[4.856784710498716,52.30550779137323],[4.856776416700476,52.30554299553929],[4.856770089337052,52.30556700067443],[4.856754244179369,52.30562188132797],[4.856730651264501,52.30569569159375],[4.856725594398481,52.30571152348072],[4.856722492092013,52.305724523973254],[4.856716734114277,52.3057487293913],[4.856712657849775,52.30577687004206],[4.856709690893467,52.305805063303616],[4.856707836383598,52.30583329211317],[4.85670740789336,52.30585432625346],[4.856707929539263,52.30587535926248],[4.856709400038874,52.30589637585517],[4.856712227057038,52.305926093377536],[4.856714305550761,52.30593990444163],[4.856716758217805,52.30595369201781],[4.856719592432249,52.30596745254405],[4.856722131487007,52.305979039383224],[4.856724972916279,52.30599059881731],[4.85672812259568,52.30600212997395],[4.856729128064994,52.306005109461616],[4.856736819013811,52.30602779333567],[4.85674180827557,52.30604244253808],[4.856747395278851,52.30605700993524],[4.856753584529982,52.30607148655939],[4.85675484118187,52.306074305392],[4.856763210985788,52.30609293878852],[4.856788366736487,52.3061425027481],[4.856795879253337,52.30615557061644],[4.856803887225535,52.306168527459185],[4.856812387806919,52.30618136607316],[4.856826974254703,52.30619879600639],[4.856830067061497,52.30620133546054],[4.856833526486743,52.30620509890605],[4.856842894350654,52.30621382317429],[4.856848277064566,52.306217991607575],[4.856853873693646,52.30622205044924],[4.856859684280813,52.306225996104324],[4.856865014459508,52.30622940662558],[4.856870499691789,52.30623272526697],[4.856876135643488,52.306235946616354],[4.856876492807429,52.30623611988571],[4.856908104485192,52.306251292898594],[4.856908557891344,52.30625151063979],[4.856909077811496,52.30625168373995],[4.856909242845645,52.306251738406964],[4.856909603767926,52.306251842486624],[4.856954088596567,52.30626595691187],[4.856967545734904,52.306269899991285],[4.857025868498698,52.30628627664897],[4.857065430371805,52.306297140529594],[4.857121746358859,52.30630843899841],[4.857153311410344,52.3063136406169],[4.857182265498719,52.30631769985557],[4.857211470407162,52.306321014219556],[4.857240874882407,52.306323578086364],[4.857271639281638,52.30632583705931],[4.857277120290957,52.30632619326788],[4.857292349640477,52.306326984122734],[4.857292959226712,52.306327015614926],[4.857296745844306,52.306325723050186]]]},"id":1},{"type":"Feature","properties":{"fid":4,"buurtcode":"BU03620604","buurtnaam":"Operabuurt","wijkcode":"WK036206","gemeentecode":"GM0362","gemeentenaam":"Amstelveen","wijknaam":"Bankras, Kostverloren","id_kv":4},"geometry":{"type":"Polygon","coordinates":[[[4.872134109157298,52.30304809544423],[4.872180889821837,52.303035788081125],[4.872207111076213,52.3030288917404],[4.872222684968753,52.30302479818071],[4.872234067648116,52.303021800862936],[4.872666842274628,52.30290795691771],[4.87268423774956,52.30290354765961],[4.872749628950032,52.30288696192693],[4.872806167868837,52.30287262955817],[4.873144625882237,52.302783899103794],[4.873223141595641,52.30276198643454],[4.873293611486571,52.3027423216659],[4.873432186920481,52.30270711614093],[4.873572479380091,52.30267047985548],[4.873619342522551,52.30265730944987],[4.873649424009407,52.302648859376276],[4.873650047653112,52.30264868592247],[4.873650635102278,52.30264847276498],[4.873659000588406,52.302645449626326],[4.873667084825327,52.30264215113666],[4.873674884548563,52.30263860604295],[4.873675910365424,52.30263813953393],[4.873676914534064,52.30263764327099],[4.873679120454748,52.30263655363546],[4.873680139470793,52.30263604125884],[4.873680304634865,52.30263595838901],[4.873681295858096,52.302635440498996],[4.873683452347961,52.30263431469741],[4.873683859492519,52.30263409895929],[4.873684269589956,52.3026338814365],[4.873694759293295,52.302628210711426],[4.873701037070647,52.302624166474196],[4.873708850501995,52.302618038331254],[4.873716063020421,52.3026116388423],[4.87372264796709,52.30260499126015],[4.87378998967654,52.30262369790211],[4.873790237369761,52.30262383199746],[4.873792172614079,52.30262713624083],[4.873796883670885,52.302629007288274],[4.874036586088931,52.3025728480256],[4.874036890413204,52.302572775645714],[4.874065115822856,52.30256608801869],[4.874147899919093,52.302546473471956],[4.874853812602698,52.30236178648267],[4.874958269102477,52.30233445751174],[4.875004811079931,52.30232237269662],[4.875037324383809,52.30231392111808],[4.87523035951979,52.302263777830554],[4.875500750843243,52.3021928834533],[4.875604887295046,52.302165013257266],[4.875613365444584,52.302162372451484],[4.875621480178385,52.302159333709234],[4.875629182910044,52.30215591479608],[4.875732853925413,52.30210477294565],[4.875749782338977,52.30210012753397],[4.875756958226988,52.30209828010574],[4.876031766447343,52.30202815949529],[4.876274613121722,52.30196577712559],[4.876274905751244,52.30196570109426],[4.876287662085144,52.30196177099051],[4.876390689033897,52.30193454603125],[4.876446218985168,52.301919901982004],[4.876446379299248,52.3019198577351],[4.876446543990775,52.30191981530468],[4.876482483015923,52.30191034272413],[4.876879109250777,52.301828449854234],[4.876919091170102,52.301818250392316],[4.876937927151106,52.301813442272184],[4.877003249910126,52.301794875673416],[4.877068828171952,52.30177665257756],[4.877134659026359,52.30175877117408],[4.877134798742575,52.30175873312891],[4.877134941390851,52.30175869509638],[4.877201003054648,52.30174113731508],[4.877267299834521,52.30172391126335],[4.877333822935521,52.30170701690285],[4.877476824545911,52.301671884152135],[4.877620050663698,52.30163709822814],[4.877763501291711,52.30160265913021],[4.877903257826937,52.301570334968865],[4.878043235798396,52.30153837200858],[4.878183432287273,52.30150676933717],[4.878309653797256,52.30147836715901],[4.87843610813565,52.30145035951553],[4.878562792363065,52.30142274729213],[4.878864955316071,52.30135721280103],[4.878921509022909,52.30134508858864],[4.879106764540185,52.30130526853823],[4.879121824779347,52.301302394212215],[4.879308982703934,52.30126669845066],[4.879350545007838,52.301256666736585],[4.879758970358896,52.30115490682069],[4.879870308688163,52.30113001179013],[4.880103968698503,52.30108665886509],[4.881165967010768,52.30088961924064],[4.881403249032574,52.300847258925664],[4.881415341278763,52.30084493155759],[4.881478961735931,52.30083214697841],[4.881487841952205,52.30083058062024],[4.88150058999188,52.300827181101596],[4.88150097087168,52.30082707847118],[4.881501126758359,52.30082703599608],[4.88150168365005,52.300826926029245],[4.882022584564169,52.30072331403202],[4.882008496627761,52.30069562432761],[4.8819992769781,52.30067868780025],[4.881978927563655,52.30064131930045],[4.881967960235007,52.30061949490588],[4.881763379374535,52.30021404917964],[4.881763077085563,52.30021433190362],[4.881760771557436,52.30021647374035],[4.881755710412908,52.30021727719451],[4.881751043442096,52.300215776951134],[4.881750799492298,52.300215699511895],[4.881750711999091,52.30021552926771],[4.881723414155573,52.30016254160772],[4.881723341036182,52.30016239659093],[4.88170711013118,52.30013934530161],[4.881645592734103,52.30002480191242],[4.881562270669754,52.299878475025196],[4.881428544724403,52.29968453692761],[4.88093132830203,52.298963419593704],[4.880917931290971,52.29895163220458],[4.880882234272863,52.29890411343191],[4.880876113921833,52.29889392556982],[4.880871468719529,52.29888345012033],[4.8808683271033,52.29887276450089],[4.880866718904674,52.2988619524263],[4.880866656384376,52.298851095738534],[4.880868137133535,52.298840277115495],[4.880871151413632,52.2988295792036],[4.880875674857581,52.29881908189027],[4.880881674272088,52.29880886772139],[4.880889103342255,52.29879901289516],[4.880894196408428,52.298793334606835],[4.880899761065224,52.29878782551117],[4.880907121526973,52.29878167697809],[4.88091171190366,52.29878061898663],[4.880917025854827,52.29878193328897],[4.880917167751143,52.29878183143494],[4.880969006749391,52.298744528183136],[4.880988883098082,52.29873948120142],[4.881042479571627,52.29872536599588],[4.881038044831811,52.29871829245465],[4.880965350923888,52.29860211897319],[4.880918241939553,52.29861427470337],[4.880903202730942,52.298617967240745],[4.880819571365798,52.29863951256424],[4.880762179575288,52.29865335975676],[4.88073597883005,52.29865841466921],[4.880709004244783,52.298661906870215],[4.880680364187094,52.29866360604676],[4.880676291828862,52.29866256039533],[4.880668100683129,52.29865309346574],[4.880667437188769,52.29865008149272],[4.88066732850975,52.29864958399925],[4.88066747341561,52.29864908938954],[4.880668353368203,52.29864609930651],[4.880668994408324,52.298645163720835],[4.880669632506325,52.29864422902138],[4.880687973622811,52.29862737357249],[4.880707724660755,52.29861235048962],[4.880729725229763,52.29859855219409],[4.880753774509815,52.29858610545215],[4.88077965130216,52.29857512435974],[4.88085813181935,52.29855145295652],[4.880874310621356,52.29854681259206],[4.880923413870066,52.29853718111504],[4.880878958443402,52.298464513695706],[4.880867013031896,52.298444994876014],[4.880814248776184,52.29845557235346],[4.880789345948153,52.29846162239698],[4.880703703822194,52.29844518177742],[4.880703522437218,52.29844514684674],[4.880701811548163,52.29844798417315],[4.8806968445869,52.29844941533685],[4.880676954691984,52.298444852404856],[4.88066088393407,52.29843949781985],[4.880645658442694,52.298433296602795],[4.88063138470817,52.29842629504805],[4.88061817350569,52.29841854935525],[4.880606131181701,52.298410118401215],[4.880595349341278,52.29840106819001],[4.880585913664123,52.29839147009303],[4.880577895129547,52.29838139901377],[4.880237152935758,52.29789106280755],[4.880112460521248,52.29771162508342],[4.879907636763998,52.297414767788176],[4.879897318492309,52.29740109794656],[4.879886476587218,52.29738758224635],[4.879875115364692,52.29737422789616],[4.879614082852169,52.2970767424453],[4.879590803203526,52.29704827776757],[4.879569650390106,52.297019195761145],[4.879550666231268,52.29698955682528],[4.879472403761509,52.2968523583496],[4.879469177021662,52.29684416195668],[4.879465141151549,52.296836858178544],[4.879317509050435,52.296855877985514],[4.878926741268603,52.29690649047194],[4.878514993446093,52.29696069285186],[4.878511464218676,52.29694807131084],[4.878529687009864,52.29694528256838],[4.878518002205494,52.29692335587808],[4.878517481201522,52.296922382949084],[4.878222920784128,52.296959637506546],[4.877940099019031,52.296996519452144],[4.877655271631054,52.297033122445285],[4.877363084182202,52.297071050189295],[4.877053046348935,52.29711234255937],[4.876760367216747,52.2971508688814],[4.876463921608265,52.297191813921785],[4.876167062621405,52.2972342394296],[4.875879021573346,52.2972772326026],[4.875584568244129,52.29732197692972],[4.875297797597748,52.297367849399336],[4.875006311391378,52.29741579582009],[4.87473627193447,52.297461165068476],[4.874713167638071,52.29746504656724],[4.874633933887731,52.29747903880714],[4.874531617703983,52.297506322834195],[4.874455770538938,52.29753286769069],[4.874347614889569,52.297560431827804],[4.874223657482888,52.29758177064593],[4.874223381304322,52.297581820678694],[4.874123033586502,52.29759956419654],[4.874122836752544,52.29759959839519],[4.873701561049069,52.297655947424396],[4.873523240516795,52.29768262191934],[4.873197631058778,52.29772983145882],[4.873170274145709,52.297733802027686],[4.873165636767331,52.29771901392924],[4.87283635614594,52.297783176484536],[4.872474822407532,52.29785753288354],[4.87196786933993,52.2979617954501],[4.871958534832657,52.29797285388283],[4.871956468684964,52.297975307553024],[4.871848813170049,52.2980530777394],[4.871650462126355,52.29809007904997],[4.871455396533818,52.29812817289886],[4.871267457736056,52.298163529259206],[4.871060809854423,52.29820670399373],[4.870951492378324,52.29822807631775],[4.870805034568374,52.29825886742588],[4.870612579906575,52.29829796893979],[4.87042854914267,52.29833877869201],[4.870239064755829,52.29838083160676],[4.869937578457099,52.29845058030574],[4.869683903903325,52.2985098149598],[4.869606444795439,52.298528351368915],[4.869609026108638,52.29853202881204],[4.869607363275449,52.29853244036848],[4.869597452420017,52.2985348947168],[4.869596912846776,52.29853502807186],[4.8695967702443,52.29853506250038],[4.869596088131367,52.29853522489149],[4.869287694045466,52.29860806767964],[4.869290738830247,52.298612857159405],[4.869320095133028,52.29865893971492],[4.869327686434093,52.2986717446979],[4.869449324013591,52.29886263193811],[4.869476188427798,52.29890481270054],[4.869558711899457,52.29903432040053],[4.869585029824613,52.29907560894672],[4.869664674465869,52.299200601052284],[4.869689207043101,52.299239113501855],[4.870214007147466,52.30006269173432],[4.870541878878758,52.30057812172475],[4.870552446817261,52.30059472351078],[4.870840358063366,52.30104730575402],[4.871039215796248,52.30135798494537],[4.871065898170259,52.30139968816678],[4.871148135022188,52.301528159813806],[4.871154946173017,52.301538795193856],[4.871167229083005,52.30155799290366],[4.871240253030756,52.30167072161406],[4.871248189050992,52.30168297072041],[4.871248253864128,52.30168307076827],[4.871248799733392,52.30168391351339],[4.871249410426249,52.30168485540764],[4.871337228061352,52.30182042379605],[4.871344937137647,52.30183328307914],[4.871350366948302,52.30184154951699],[4.871377652123728,52.301883156425234],[4.871426490968015,52.301957581176744],[4.871434090945473,52.301969738925706],[4.871523606683544,52.30210651175127],[4.871604604185489,52.302232217483954],[4.871611899725301,52.30224408628225],[4.871680645936436,52.30234799874655],[4.871694244842709,52.30236854941158],[4.871701824882696,52.302381174423],[4.871822310552363,52.30256833303511],[4.871931457855417,52.30274590511493],[4.872050299106552,52.30295367352927],[4.872054345084381,52.302961312844594],[4.872106393644679,52.30305539151163],[4.872134109157298,52.30304809544423]]]},"id":4},{"type":"Feature","properties":{"fid":5,"buurtcode":"BU03621105","buurtnaam":"Landschappenbuurt","wijkcode":"WK036211","gemeentecode":"GM0362","gemeentenaam":"Amstelveen","wijknaam":"Bovenkerk - Westwijk Noord","id_kv":5},"geometry":{"type":"Polygon","coordinates":[[[4.819322284876026,52.285471245170825],[4.819322456406097,52.2854712406019],[4.819457261782055,52.28544122124301],[4.819863019193085,52.285328653970545],[4.820084576904367,52.28526710710957],[4.820225992506404,52.28523799040968],[4.820269074006959,52.285221335674535],[4.820305680963104,52.28520718357223],[4.820541652935713,52.28494538424871],[4.820549540946717,52.28494385725814],[4.820559811937426,52.28492576888179],[4.820561611147175,52.28492258679674],[4.820568347587949,52.284924022093655],[4.820598320773958,52.284915877983856],[4.820627370719543,52.28490761349833],[4.820695564522533,52.2848775701151],[4.82070779723094,52.284872182053014],[4.820839998417487,52.284834688680945],[4.82141638510639,52.28467335600724],[4.821427930660121,52.284670130668744],[4.82158555417567,52.28462600819396],[4.821613166754282,52.28463278324926],[4.821635696937856,52.28462664442655],[4.821672815851391,52.284616529922424],[4.821695418054279,52.28461037345697],[4.821705160367447,52.28459232739265],[4.821797907489345,52.28456636447621],[4.821806835115066,52.28456386359019],[4.822142832833693,52.28446981154045],[4.822983223890659,52.28423456589649],[4.823280543344696,52.28415133712823],[4.82339337310534,52.284119752437675],[4.823500884551509,52.28408965225238],[4.823506163921136,52.284088221381545],[4.823738540315771,52.28402322297738],[4.823743967921347,52.28402165798378],[4.82387361061489,52.28398558710211],[4.824176428102273,52.28390132979901],[4.824565543740563,52.283830200313],[4.825207492975943,52.28396281501463],[4.825348134117869,52.28392375688518],[4.825471619653356,52.28388887645251],[4.825649675066967,52.28383820358155],[4.825780188248559,52.283802665035346],[4.825785717654774,52.28380115435907],[4.826042212694618,52.28372909361075],[4.826366977975528,52.283637834431396],[4.82637564002295,52.28363543979647],[4.826397861421282,52.28362928961615],[4.826405139415869,52.283631940517],[4.826426833563014,52.28363982604306],[4.826465293823746,52.283628945237886],[4.826552215439351,52.28360435218828],[4.82660945726602,52.283588148776595],[4.826624709263911,52.28356637148913],[4.826668727964868,52.28355398812913],[4.826698319687436,52.28354559889392],[4.826728156329017,52.283537543364986],[4.826752358830755,52.28353082458701],[4.826747948119677,52.28352846232926],[4.826743453144027,52.28352615809326],[4.826738863453324,52.283523927108966],[4.826737357238719,52.28352320363274],[4.826723429883429,52.28351779070504],[4.826710403859017,52.28351376978139],[4.826696863421247,52.283510448373235],[4.826682909400187,52.28350784942812],[4.826668642659794,52.28350599319751],[4.826630259866262,52.28350260253745],[4.826605783697882,52.28350045521964],[4.826595985594706,52.28349985330903],[4.826586140829257,52.28349969787538],[4.82657630754206,52.28350002694352],[4.826575391214611,52.28350005765141],[4.826574933789259,52.28350007255941],[4.826574477591393,52.28350010634786],[4.826573566604431,52.28350017842542],[4.826567081164111,52.28350068964371],[4.826560653075151,52.283501417742166],[4.82655429287864,52.28350234030106],[4.826505417463821,52.28352332897773],[4.826500705649297,52.28352520577755],[4.826495843334624,52.283526930866614],[4.826490843753922,52.28352850071246],[4.826471208604554,52.28350144386922],[4.826457865036376,52.283483440721234],[4.826437801435442,52.283456777307975],[4.826442728267481,52.283455397662955],[4.826529129999082,52.283439467406694],[4.826548738723499,52.28343595624125],[4.826561733325942,52.28343281816539],[4.826615590993812,52.28341766826472],[4.826626753429385,52.283414436109524],[4.826637556390341,52.28341077262696],[4.826647955687467,52.283406695583395],[4.826656608304208,52.28340271901152],[4.826662184724464,52.283399797415775],[4.826674237427626,52.28339232269049],[4.826681850333911,52.2833864222693],[4.826688587339185,52.28338013570911],[4.826694396565162,52.283373509501146],[4.826699233392762,52.283366595564],[4.826703061961477,52.28335944855397],[4.826705850818448,52.283352122249525],[4.826707178335348,52.283343070529334],[4.826703448598988,52.283340166830804],[4.826698674198846,52.283339569869554],[4.826698368392231,52.28333953156941],[4.826698072791039,52.28333961375557],[4.826661895667596,52.28334959768177],[4.826622681713259,52.283296941253894],[4.826616095699731,52.28328811086527],[4.826592144483739,52.28325595540839],[4.826477332194715,52.283101789629995],[4.826378314900527,52.28296883821782],[4.826029215376476,52.282500107087124],[4.826025437339778,52.28249500109922],[4.825563822598864,52.28187104708065],[4.825563748204611,52.28187090381949],[4.825562839536211,52.28186917022884],[4.825552666314432,52.28185583057835],[4.825552252633526,52.28185528394574],[4.825483539282394,52.281764540013874],[4.825483302913732,52.28176422611158],[4.825443120979954,52.28171196822557],[4.82541385153563,52.2816647594573],[4.825411743072295,52.2816588183157],[4.825404794530609,52.281646822387714],[4.825391483172107,52.28162333124404],[4.825391369963555,52.28162312847811],[4.825347697833222,52.28154440344697],[4.825342749097498,52.28153593129208],[4.825339113850164,52.28152904725159],[4.825333952435527,52.28152024243166],[4.825333407705753,52.28151928173144],[4.825314879378661,52.28149382529496],[4.825068206173484,52.28116307495394],[4.824798256284806,52.28080062981344],[4.824789899546964,52.28079166506235],[4.824768949671166,52.280777319558155],[4.824737603966316,52.280759976556894],[4.824715188939249,52.28074213676208],[4.824698270727986,52.28072301986844],[4.824695745296729,52.28071981714351],[4.824695616928872,52.28071965475032],[4.824695495921742,52.280719489695784],[4.824667565187542,52.28068136938521],[4.824662442630144,52.280674376682036],[4.824613420206405,52.28060741804349],[4.824599144555642,52.28058792722934],[4.824599016359051,52.280587751354965],[4.82459888523182,52.28058757546665],[4.824358510017391,52.28026368433873],[4.82435206961217,52.28025499831571],[4.824339853752153,52.28023834846749],[4.824314407149804,52.28020419008317],[4.824227558071648,52.280088147028],[4.824215528719334,52.280059085743616],[4.82419839180325,52.28003181569396],[4.824170627585661,52.28003952902548],[4.824164495873586,52.2800411904508],[4.824155530487762,52.280042010593625],[4.824152950627295,52.280041840119736],[4.824151685868897,52.280041734330474],[4.824150411922901,52.28004154401106],[4.824147890383633,52.28004116529521],[4.824146669575408,52.28004094466987],[4.824143078081876,52.280040004506304],[4.824141926225018,52.28003966197366],[4.824140807469561,52.28003925129052],[4.824138641417178,52.28003845722826],[4.824136589913711,52.2800374120499],[4.824135630787757,52.28003689337317],[4.824134714872411,52.28003631827839],[4.824132933929135,52.28003519978886],[4.8241313884722,52.280033884686695],[4.824130678575398,52.28003324136613],[4.824129892630819,52.28003258599907],[4.824079585013334,52.27999063347438],[4.824064836573576,52.27997148188081],[4.824040066848611,52.27993828836553],[4.824020413387747,52.27991187812929],[4.823996549732264,52.279879810612364],[4.823903180581618,52.27990635738975],[4.82381945925479,52.279929794411885],[4.823485764289728,52.280023206044234],[4.823291143867675,52.280077679418405],[4.823212627878601,52.28009965783424],[4.823035051166699,52.28014936491004],[4.82303382909704,52.28014970601192],[4.823033523207596,52.28014979173502],[4.823032608492668,52.28015004712081],[4.822922977667178,52.28018056008711],[4.822517504669254,52.280293399798566],[4.822514482389715,52.280294026201524],[4.822512999897638,52.28029433369769],[4.822506719605188,52.28029499397262],[4.822505105488167,52.28029505007711],[4.822501916082508,52.28029510494884],[4.822498747957816,52.28029486871371],[4.822497211116345,52.280294724756715],[4.822491044409059,52.28029371022577],[4.822489569477982,52.280293306813626],[4.822486682396021,52.28029251826496],[4.822483965840072,52.2802914563993],[4.822482662688164,52.28029091179854],[4.822477831310142,52.280288369408055],[4.822476827026815,52.28028759973929],[4.822474831511117,52.280286071249606],[4.822473905014862,52.280285292065706],[4.822473078981374,52.28028444864862],[4.822471463045127,52.28028280153396],[4.822434180282938,52.28023237829319],[4.822386469191912,52.280244548297865],[4.822385647379294,52.28024475738531],[4.822384837129348,52.28024497911105],[4.822312325292747,52.28026536599244],[4.822258574044457,52.28028039759905],[4.82222669561085,52.28028894556614],[4.822166474558905,52.28030570784462],[4.822099795965102,52.28032438960442],[4.822040614622382,52.280340970738735],[4.821940968660461,52.2802072368129],[4.821782319391606,52.28025100520928],[4.821715754560831,52.28027041441938],[4.82169551434682,52.280242995239696],[4.821677565039429,52.280218650995415],[4.821802988982477,52.28015520299259],[4.821766687738044,52.280107060870435],[4.821697745412607,52.28001566554905],[4.821695079515326,52.280012120546004],[4.821503891125278,52.27990834815885],[4.821290582564519,52.27979256957346],[4.821261985330108,52.27977704536795],[4.821252816654096,52.27977207609855],[4.820738075427728,52.279916877016724],[4.820734593518085,52.279921030727245],[4.820703896568765,52.27995761726024],[4.820657964242346,52.27997197556039],[4.820614415404031,52.27998558129253],[4.82057127854072,52.279999054164435],[4.82050288982646,52.279982872583055],[4.820184292117188,52.28007196028108],[4.820117392791913,52.280090675817924],[4.819569681774674,52.28024383496014],[4.819358452595337,52.280302895848756],[4.818888563115842,52.280434333297265],[4.816825322672938,52.28101211729076],[4.816801410952691,52.28105282505346],[4.816754174004447,52.28106599812997],[4.816709464920081,52.28107848322681],[4.816667285538065,52.28109025159434],[4.816599248644448,52.281076323626166],[4.81650397918557,52.28110275563815],[4.816484198797749,52.28110824165128],[4.816281776531241,52.28116440052325],[4.816172858836945,52.28119462307681],[4.816192156431979,52.281222066517195],[4.816246024074664,52.281298669152804],[4.816140670233076,52.281331039024614],[4.816094174380225,52.28134568943653],[4.816050801683673,52.281304171440226],[4.815876955551712,52.28113776142451],[4.815827680221989,52.28115215832262],[4.815822605410037,52.28115364376709],[4.815694691423325,52.281191022829034],[4.815246931957621,52.28132186434484],[4.815183100844417,52.28133984594362],[4.815161273826815,52.28134834177458],[4.814953513372357,52.28142817009698],[4.815015746306214,52.281489206265135],[4.815170815842296,52.281642131102544],[4.815244463700299,52.281714336834625],[4.815330376033261,52.281798061438685],[4.815441053053932,52.28190814147633],[4.815453817360722,52.28192978319533],[4.815465422349415,52.28194927119415],[4.815523104679433,52.282001554215086],[4.815524567715726,52.282002882513275],[4.815595310549262,52.282053781594584],[4.815623128509541,52.28207972938302],[4.815770718977586,52.282221975550684],[4.815899865923675,52.28234665989648],[4.816133527536727,52.28257318772129],[4.816262589402564,52.28269780832921],[4.816288385930677,52.28273744377743],[4.816347444232336,52.28277972947566],[4.816389347232734,52.28273482144057],[4.816642941230929,52.282982125650406],[4.816831132793462,52.2831654523988],[4.816767018228515,52.283231653648535],[4.816776612637899,52.28324457962043],[4.816869039455847,52.28330644892041],[4.817222270479814,52.28364705061849],[4.817492222593351,52.28391090663377],[4.81766693389183,52.28407859098563],[4.81783825767071,52.284233954304774],[4.817904904463793,52.28429620194525],[4.817973740272546,52.28435575472426],[4.818069462787138,52.284443263462464],[4.818134239243594,52.28450169109138],[4.818355005758752,52.2847069408201],[4.818486829003751,52.28483204855204],[4.818491384915221,52.284835638666785],[4.818492771298613,52.28487849969379],[4.818573261036017,52.28495515823264],[4.819012634580869,52.28538408837175],[4.819104294067978,52.285472883557404],[4.819124353267803,52.28546910255197],[4.819145389699535,52.28546855739168],[4.819152719971191,52.28546836791165],[4.819173085170934,52.28547000268472],[4.819178594308521,52.28547080121306],[4.819183770280292,52.28547221111599],[4.819188282297157,52.2854743134932],[4.819322284876026,52.285471245170825]]]},"id":5},{"type":"Feature","properties":{"fid":7,"buurtcode":"BU03621106","buurtnaam":"Theaterbuurt","wijkcode":"WK036211","gemeentecode":"GM0362","gemeentenaam":"Amstelveen","wijknaam":"Bovenkerk - Westwijk Noord","id_kv":7},"geometry":{"type":"Polygon","coordinates":[[[4.826939635630419,52.283478839012616],[4.826979477091802,52.28346764911019],[4.827555272444528,52.28330585237053],[4.827816628550832,52.28323251653483],[4.827831011793021,52.283228486099055],[4.827919297064368,52.28320371065169],[4.828100878696089,52.283153041792424],[4.828210944037649,52.2831221854406],[4.828469398387346,52.28304973323744],[4.828718112826166,52.28267009070677],[4.828976894722624,52.28255854154848],[4.829512260932707,52.282408993567984],[4.829541129867814,52.28241489997497],[4.829619108287345,52.2823929750453],[4.829688312906033,52.28237350283627],[4.829711562362311,52.28236697040283],[4.829724797553552,52.28234938954755],[4.82979004917493,52.28233112818574],[4.830336617394472,52.2821782120934],[4.830853478628533,52.282033604124926],[4.831213019534693,52.2819568130476],[4.831318403236587,52.28193429953748],[4.831534039150337,52.281888989528824],[4.831606441144287,52.28187257273523],[4.831606028719051,52.28187180233108],[4.831604771321301,52.281869459566366],[4.831646267058622,52.281860539923784],[4.831644821979724,52.281857970681145],[4.831644417762339,52.28185724705281],[4.831644169755593,52.28185680547998],[4.831673224370535,52.281850539018365],[4.831673894213378,52.28185170160576],[4.831675456668798,52.28185425971531],[4.831675671173214,52.281854215783675],[4.831717150757998,52.281845413781966],[4.831718587384364,52.2818477214359],[4.831719061457628,52.281848484040204],[4.831725207908883,52.28184798622679],[4.831787788565223,52.28183448379509],[4.831786196465032,52.28183183476992],[4.831814977679588,52.28182586628647],[4.83180709083302,52.28181904426653],[4.831787298834856,52.281805873885354],[4.831851175868896,52.28178712767387],[4.831877950890125,52.281779982222446],[4.831950668839838,52.28175983132858],[4.831945553468501,52.28175169212349],[4.831921599409593,52.281708958967236],[4.831912219163854,52.28168829665241],[4.831903250102218,52.28166756616224],[4.831894693655846,52.28164677020001],[4.831890895375945,52.281636312905654],[4.831887233622838,52.2816258364791],[4.831883714246631,52.281615341846475],[4.831881565474219,52.28160868699391],[4.83187947098793,52.28160202700353],[4.831877427890696,52.28159535916534],[4.831874397680108,52.28158512298535],[4.831871652131245,52.28157485758351],[4.831869195628759,52.281564563879066],[4.831864654547154,52.28154094929225],[4.831860080794903,52.28150856774676],[4.831857133100173,52.28147611564396],[4.831855816950471,52.28144362266991],[4.831856658054063,52.2814199210145],[4.831858350367167,52.281396235940356],[4.831860895207884,52.2813725791379],[4.831863059920203,52.28135683170614],[4.831865596593399,52.28134110489606],[4.831868503728068,52.281325401396955],[4.831875021107903,52.281296012789916],[4.831883583231018,52.28126682073503],[4.831894171813636,52.281237880871],[4.83190406044366,52.28121394488188],[4.831914845533385,52.28119015601003],[4.83192652548149,52.281166525033214],[4.831999139691109,52.28102782311576],[4.832512312438398,52.28005053185736],[4.832695131671673,52.27970191256899],[4.832760349780946,52.27957754713973],[4.833174574360698,52.27878761813413],[4.833221635466902,52.27869750116923],[4.833237561350954,52.27865898799489],[4.833251369208302,52.27862016829294],[4.83326304530843,52.27858108604047],[4.833270990296147,52.278548972608355],[4.833277491964484,52.278516737367774],[4.83328254268805,52.27848440455054],[4.833442516991746,52.27854239888696],[4.833587796128148,52.278556218713504],[4.833660771553636,52.2785631665332],[4.833680256750082,52.27852579615019],[4.833691690974861,52.27850423375787],[4.833725120703438,52.27844492624629],[4.833757845563496,52.27838337743511],[4.833536001282183,52.27808130746207],[4.833520050367728,52.278059598854306],[4.833499488911515,52.27803158609987],[4.833392099117425,52.277885353071945],[4.833387145349579,52.27787860690735],[4.833342388756334,52.27781764343987],[4.833341942223128,52.2778170238783],[4.833395954783301,52.277727619783775],[4.833250551484062,52.27754633093882],[4.833215577092955,52.27751083556683],[4.833193885377568,52.277507839809324],[4.833126762746593,52.27752406300174],[4.832787700246669,52.27706235513293],[4.832663860851503,52.27689371827679],[4.832378579731893,52.276505252273765],[4.832183582948777,52.27623971474094],[4.832066303733257,52.27607999706582],[4.832051276594822,52.27605952392942],[4.832031163437108,52.27603213407317],[4.832001596453066,52.27602728465183],[4.831962034884267,52.275966213802235],[4.831923920029849,52.27597717979789],[4.831904023686627,52.27598290152436],[4.831871099634643,52.27599109664317],[4.831850075657998,52.275996768123875],[4.831818752677339,52.276006993030656],[4.831805164223262,52.27601095577896],[4.83179968674173,52.27601309613335],[4.831794621527602,52.27601507664184],[4.831786858493181,52.276018722519304],[4.831778686700691,52.27602201235185],[4.831770145923097,52.27602492924924],[4.831764629982076,52.276026629013366],[4.831713842251755,52.27604086092794],[4.831685757568403,52.27604872820574],[4.831609059424087,52.276069192775246],[4.831562983165544,52.276081604244716],[4.831536298989873,52.27608878599996],[4.831502380437953,52.27609799197646],[4.831368455814207,52.276134330575],[4.83133164824308,52.27608498461622],[4.83124107485857,52.27596351842073],[4.831155891583586,52.27584928581407],[4.831057924903327,52.275723883938284],[4.831031491516254,52.275767386036286],[4.830998490202528,52.27577707254316],[4.830963327104431,52.27578738701143],[4.830913633994488,52.275801965273985],[4.830855360456247,52.27581829173127],[4.830838742332073,52.275821980359886],[4.830750169836737,52.27581362715183],[4.830721905656983,52.27579367575028],[4.830678911358666,52.27581752412788],[4.830692536313856,52.27582704355741],[4.830670143785949,52.27586350998062],[4.83053413420039,52.27590148171003],[4.83041478237297,52.275934810386374],[4.83028157922946,52.27597200680344],[4.830146668744923,52.27600967857574],[4.83008730376231,52.275996231528346],[4.830089944117097,52.27597505944853],[4.830030961751222,52.27597084386866],[4.830021704968215,52.27601371754899],[4.829783069793795,52.276080632025796],[4.829737483027079,52.27605978979643],[4.829702263082086,52.27608757523651],[4.829721519471002,52.27609669890257],[4.829700841851346,52.27613433267167],[4.829606618504076,52.276160609371644],[4.829337754952332,52.27623558634115],[4.829232503101839,52.276264938496226],[4.82917309951911,52.27625222691875],[4.829169803151474,52.27623817312951],[4.82911184991407,52.276243004694365],[4.829117364461418,52.27627050589446],[4.828929614940056,52.27632355591976],[4.828850811074815,52.276379726746775],[4.828814548680723,52.276389990446155],[4.828769639849771,52.27640269395697],[4.828733126070692,52.27641302025822],[4.828609573224841,52.2764120671249],[4.82852995571385,52.27643381106629],[4.828510108169507,52.276407481537],[4.82836540677388,52.276215516720825],[4.827956275219953,52.276255178079616],[4.827955446121107,52.27625410998785],[4.827941765477996,52.276236469393794],[4.827941367755859,52.27623593722507],[4.827673939273386,52.27630955823467],[4.827741128649363,52.27639976439889],[4.827795739826287,52.276473121571826],[4.827829229788548,52.27646429122215],[4.827950863531131,52.27662733230283],[4.827798869268594,52.276670636002756],[4.82774085605298,52.27668716888321],[4.827673627158839,52.27670537121542],[4.827655732308985,52.27670974812117],[4.827605871327954,52.27672352427807],[4.827569582003399,52.27673355378333],[4.82749531052799,52.27675422491232],[4.827495124097669,52.27675425189222],[4.827494955272298,52.27675427715787],[4.827380228010838,52.276756378175634],[4.827377487315959,52.276756427213876],[4.826621543556803,52.27696967769826],[4.826586838748624,52.27695033380894],[4.826548022002299,52.27697263660212],[4.826568322273417,52.27698494745503],[4.826551983900422,52.277015087355046],[4.826376932397519,52.27706347489962],[4.826088068221718,52.277143337911866],[4.825913779897227,52.27719143179353],[4.8258591997651,52.27717964923414],[4.825856124065738,52.27716676482889],[4.825796868404801,52.277171336926514],[4.825801577985181,52.27719860976237],[4.825166940683596,52.277376350358445],[4.825079367286937,52.27742049160001],[4.825031770576019,52.27743341549918],[4.825026772935757,52.27743522976343],[4.82502933741373,52.27743869242033],[4.825023941325035,52.27744014976695],[4.824976317998887,52.27745297375137],[4.824948043939621,52.27746058687049],[4.824872940429395,52.27748081199157],[4.824799042421454,52.277500719234816],[4.824725335621598,52.27752056442634],[4.824696782061884,52.277528257046995],[4.824650849347707,52.277540630560885],[4.824645579092106,52.27754244800579],[4.824639953986756,52.27754358966796],[4.824590945958893,52.27755697404613],[4.824509333518103,52.27756570836406],[4.824476627465968,52.27756921077269],[4.823855346496106,52.2777455330055],[4.823741512288014,52.27771717289919],[4.823064069665904,52.27786146987581],[4.822956886474913,52.27788430088846],[4.822979717877572,52.27791523841938],[4.822994152113711,52.2779348110923],[4.82301994630125,52.277970265702315],[4.823037088361537,52.27799354532688],[4.823061966273817,52.278027307623326],[4.82310202889194,52.27808167527082],[4.823083626045142,52.27808732175193],[4.823076976941377,52.278089358144456],[4.82307601193809,52.2780896537362],[4.82307560298331,52.278089779413236],[4.823075049865269,52.278089949341926],[4.823073049265034,52.27809056086071],[4.823061117561745,52.278094222226805],[4.823041671712621,52.27810018998577],[4.823023293704325,52.278123515813],[4.823043534222784,52.27815089972529],[4.823008548026309,52.27816083518611],[4.822969591185381,52.2781718931519],[4.822961855744845,52.27817408523704],[4.822948401351188,52.2781777608954],[4.822941729837156,52.278168741134145],[4.822927923847542,52.278171370715896],[4.822888211095563,52.27818194868727],[4.822871251590718,52.27818805231971],[4.822901734774148,52.27822929059248],[4.822962370118511,52.27831130714918],[4.8230261217157,52.27839719436111],[4.823032107473609,52.27840355940856],[4.823056768798139,52.2784370860845],[4.823220323865516,52.27865943570014],[4.823248876151514,52.27869826399333],[4.823249381864821,52.27869894409473],[4.823320636507327,52.27879447591178],[4.823442849077754,52.278957871288654],[4.823457776805475,52.2789778596967],[4.823465961005572,52.27898882802993],[4.823569547096684,52.27912758305264],[4.823643626747163,52.279225437126655],[4.823962911992496,52.27966063463141],[4.824045699941242,52.279773476828574],[4.824063878267944,52.27979602421928],[4.824067535935812,52.279801110826064],[4.824071869889568,52.27980718033677],[4.824089599096306,52.279830480568926],[4.824105184972958,52.279850962764996],[4.824038424413943,52.27986790426551],[4.823996549732264,52.279879810612364],[4.824020413387747,52.27991187812929],[4.824040066848611,52.27993828836553],[4.824064836573576,52.27997148188081],[4.824079585013334,52.27999063347438],[4.824129892630819,52.28003258599907],[4.824130678575398,52.28003324136613],[4.8241313884722,52.280033884686695],[4.824132933929135,52.28003519978886],[4.824134714872411,52.28003631827839],[4.824135630787757,52.28003689337317],[4.824136589913711,52.2800374120499],[4.824138641417178,52.28003845722826],[4.824140807469561,52.28003925129052],[4.824141926225018,52.28003966197366],[4.824143078081876,52.280040004506304],[4.824146669575408,52.28004094466987],[4.824147890383633,52.28004116529521],[4.824150411922901,52.28004154401106],[4.824151685868897,52.280041734330474],[4.824152950627295,52.280041840119736],[4.824155530487762,52.280042010593625],[4.824164495873586,52.2800411904508],[4.824170627585661,52.28003952902548],[4.82419839180325,52.28003181569396],[4.824215528719334,52.280059085743616],[4.824227558071648,52.280088147028],[4.824314407149804,52.28020419008317],[4.824339853752153,52.28023834846749],[4.82435206961217,52.28025499831571],[4.824358510017391,52.28026368433873],[4.82459888523182,52.28058757546665],[4.824599016359051,52.280587751354965],[4.824599144555642,52.28058792722934],[4.824613420206405,52.28060741804349],[4.824662442630144,52.280674376682036],[4.824667565187542,52.28068136938521],[4.824695495921742,52.280719489695784],[4.824695616928872,52.28071965475032],[4.824695745296729,52.28071981714351],[4.824698270727986,52.28072301986844],[4.824715188939249,52.28074213676208],[4.824737603966316,52.280759976556894],[4.824768949671166,52.280777319558155],[4.824789899546964,52.28079166506235],[4.824798256284806,52.28080062981344],[4.825068206173484,52.28116307495394],[4.825314879378661,52.28149382529496],[4.825333407705753,52.28151928173144],[4.825333952435527,52.28152024243166],[4.825339113850164,52.28152904725159],[4.825342749097498,52.28153593129208],[4.825347697833222,52.28154440344697],[4.825391369963555,52.28162312847811],[4.825391483172107,52.28162333124404],[4.825404794530609,52.281646822387714],[4.825411743072295,52.2816588183157],[4.82541385153563,52.2816647594573],[4.825443120979954,52.28171196822557],[4.825483302913732,52.28176422611158],[4.825483539282394,52.281764540013874],[4.825552252633526,52.28185528394574],[4.825552666314432,52.28185583057835],[4.825562839536211,52.28186917022884],[4.825563748204611,52.28187090381949],[4.825563822598864,52.28187104708065],[4.826025437339778,52.28249500109922],[4.826029215376476,52.282500107087124],[4.826378314900527,52.28296883821782],[4.826477332194715,52.283101789629995],[4.826592144483739,52.28325595540839],[4.826616095699731,52.28328811086527],[4.826622681713259,52.283296941253894],[4.826661895667596,52.28334959768177],[4.826698072791039,52.28333961375557],[4.826698368392231,52.28333953156941],[4.826698674198846,52.283339569869554],[4.826703448598988,52.283340166830804],[4.826707178335348,52.283343070529334],[4.826705850818448,52.283352122249525],[4.826703061961477,52.28335944855397],[4.826699233392762,52.283366595564],[4.826694396565162,52.283373509501146],[4.826688587339185,52.28338013570911],[4.826681850333911,52.2833864222693],[4.826674237427626,52.28339232269049],[4.826662184724464,52.283399797415775],[4.826656608304208,52.28340271901152],[4.826647955687467,52.283406695583395],[4.826637556390341,52.28341077262696],[4.826626753429385,52.283414436109524],[4.826615590993812,52.28341766826472],[4.826561733325942,52.28343281816539],[4.826548738723499,52.28343595624125],[4.826529129999082,52.283439467406694],[4.826442728267481,52.283455397662955],[4.826437801435442,52.283456777307975],[4.826457865036376,52.283483440721234],[4.826471208604554,52.28350144386922],[4.826490843753922,52.28352850071246],[4.826495843334624,52.283526930866614],[4.826500705649297,52.28352520577755],[4.826505417463821,52.28352332897773],[4.82655429287864,52.28350234030106],[4.826560653075151,52.283501417742166],[4.826567081164111,52.28350068964371],[4.826573566604431,52.28350017842542],[4.826574477591393,52.28350010634786],[4.826574933789259,52.28350007255941],[4.826575391214611,52.28350005765141],[4.82657630754206,52.28350002694352],[4.826586140829257,52.28349969787538],[4.826595985594706,52.28349985330903],[4.826605783697882,52.28350045521964],[4.826630259866262,52.28350260253745],[4.826668642659794,52.28350599319751],[4.826682909400187,52.28350784942812],[4.826696863421247,52.283510448373235],[4.826710403859017,52.28351376978139],[4.826723429883429,52.28351779070504],[4.826737357238719,52.28352320363274],[4.826738863453324,52.283523927108966],[4.826743453144027,52.28352615809326],[4.826747948119677,52.28352846232926],[4.826752358830755,52.28353082458701],[4.826939635630419,52.283478839012616]]]},"id":7},{"type":"Feature","properties":{"fid":16,"buurtcode":"BU03620304","buurtnaam":"Elsrijk Oost","wijkcode":"WK036203","gemeentecode":"GM0362","gemeentenaam":"Amstelveen","wijknaam":"Elsrijk","id_kv":19},"geometry":{"type":"Polygon","coordinates":[[[4.872547772956278,52.311997337217115],[4.87266233967105,52.3117340823766],[4.872662503864475,52.31173370650075],[4.872674890850331,52.31167709301526],[4.872682368480347,52.311642998751836],[4.872710642434621,52.311498129163226],[4.872710737698805,52.3114976271579],[4.872710840315543,52.31149712338694],[4.872731995716551,52.3113929430905],[4.872733709388046,52.311384506477374],[4.872740701000749,52.31134045247784],[4.872743500786857,52.31132281255635],[4.872744103259699,52.311318905470465],[4.872762974769171,52.311194883584605],[4.87276829446402,52.311157175808084],[4.872763102951167,52.3110748786297],[4.872754152867029,52.310956245279215],[4.87275362853326,52.31093693713827],[4.872758219978174,52.310854466795156],[4.872773697421607,52.31051186405317],[4.872777567665529,52.310296613327104],[4.872778270765476,52.31025741146196],[4.872779166001536,52.31014714364358],[4.872779275888218,52.31013385111768],[4.872780173621803,52.31002210031521],[4.872780387983537,52.30999598260649],[4.872780422628775,52.30999298980895],[4.87278040065164,52.30997968772135],[4.872780296532389,52.30984427658293],[4.872780280713312,52.309826642386355],[4.872780253347322,52.30978973822604],[4.872780238776676,52.30977199618072],[4.872778823923461,52.30971941120526],[4.872777604228749,52.309674035320036],[4.872773986747469,52.3095393818475],[4.872773506713539,52.30952131421496],[4.872772642711744,52.309489547454504],[4.872770453828646,52.30938602505753],[4.872770104195278,52.309369360093626],[4.872768955070711,52.30931535619186],[4.872766296669742,52.309233393562536],[4.872765778778077,52.30921733005117],[4.872762441341075,52.309114225081466],[4.872752608061469,52.3088451854242],[4.872753761247286,52.308820303126076],[4.872772360559218,52.308653830454894],[4.872778730819864,52.30856207439047],[4.872761250010467,52.30800745790661],[4.87275968381944,52.30797415925178],[4.872759624594503,52.30797294204124],[4.872755595972475,52.307949947116825],[4.872718549748717,52.30774666088698],[4.872716495129836,52.3077354171546],[4.872715764226859,52.307731423376055],[4.872715268268171,52.30770586879986],[4.872709337174764,52.30752664351516],[4.872686779442192,52.306846300922125],[4.872674820276894,52.30648562986453],[4.872674231436093,52.30646810101778],[4.872670352030412,52.30633458777323],[4.87267016686516,52.306316386594006],[4.872665201899793,52.30618165526469],[4.87266479483409,52.30616362388855],[4.872660411061389,52.30602935346308],[4.872659829515335,52.306011195497625],[4.872656467078546,52.30589255936418],[4.872656020384415,52.30587668489614],[4.872655424388409,52.30585850889156],[4.872651925464827,52.30572380190292],[4.872650673134859,52.30570532644379],[4.872648488496667,52.305620471730016],[4.872648393530119,52.3056163899387],[4.872648377647694,52.305615608826315],[4.872648375309482,52.30561543085689],[4.872648370315458,52.30561446913629],[4.872648361751947,52.305612549296384],[4.872648364691214,52.30561166220934],[4.872648382521943,52.305610628685315],[4.872648436264844,52.30560737981491],[4.872648547843313,52.30560407457272],[4.872648701607283,52.305600798275144],[4.872648911116325,52.305597519523715],[4.872649174841838,52.30559424370454],[4.87264949721349,52.30559096814048],[4.872649604739735,52.305589912537016],[4.872649614764486,52.30558980652412],[4.872649746997827,52.3055886431741],[4.872649995325401,52.30558644403115],[4.872650009967122,52.30558631916385],[4.872650333017497,52.305583998111324],[4.872650431494091,52.30558334422497],[4.872650539548001,52.30558262297151],[4.872651425002791,52.30557706335049],[4.872682729798632,52.30538194858967],[4.872683346543776,52.30537806852548],[4.872683551066878,52.30537648665646],[4.872683649595425,52.30537570154783],[4.872683742280189,52.3053749146162],[4.872684265040101,52.30537041398216],[4.872684713068021,52.305365909427934],[4.8726850936635,52.30536140368153],[4.872685398060882,52.30535689400853],[4.87268563209357,52.30535238313064],[4.872685792829292,52.30534787103511],[4.872685857877644,52.305345291807846],[4.8726858980015,52.305342712472154],[4.872685885354493,52.30534013200811],[4.872685866728252,52.3053390812485],[4.872685848122817,52.30533802869149],[4.872685314389193,52.30532080656592],[4.872683624854862,52.305266638488575],[4.872682750807897,52.305248416333306],[4.872676318525144,52.30511378644752],[4.872670284772299,52.30496132641457],[4.872679877987022,52.304956909279085],[4.872679247403032,52.304946787125495],[4.872670014973272,52.3049427105229],[4.872670198857205,52.304906563124],[4.872592946838074,52.304534067471934],[4.872591845351318,52.30452536244835],[4.872587993284434,52.304493357958286],[4.872580025183779,52.30443821882884],[4.872561164528775,52.30432599545542],[4.872527526183373,52.304166809208986],[4.872519504329579,52.30395628531311],[4.872493166796962,52.30385720825523],[4.87246547768506,52.30376419839284],[4.87244059179432,52.303691207662226],[4.872419034459599,52.303639712359015],[4.872382910068132,52.30356613342756],[4.87235982011139,52.303522918232794],[4.872336020194894,52.303482773785085],[4.872333072085791,52.303477808649326],[4.872319859940528,52.3034576093749],[4.872306592549789,52.3034410409474],[4.872295435247577,52.30342710615516],[4.872286857006986,52.303414682661256],[4.872278953774912,52.30340208324733],[4.872268708761363,52.30338280555575],[4.872265162738021,52.303375033607566],[4.872229410250695,52.30329976652851],[4.872157600688137,52.30315403950417],[4.872106393644679,52.30305539151163],[4.872102667081065,52.30305637113503],[4.871999752463604,52.30308344365884],[4.871794966996077,52.30313731436377],[4.871690596108652,52.3031647667504],[4.871660286289307,52.30317274167229],[4.871614917147562,52.303184677493725],[4.871581151285592,52.303193563077436],[4.871569547981489,52.30319661329773],[4.871222771032581,52.30328782854784],[4.871012253239108,52.303342769409795],[4.871011576880023,52.303342935429356],[4.870982669583467,52.30335005616241],[4.870969749974526,52.30333628432069],[4.870966240115856,52.303331730139185],[4.870961663015655,52.30332577728455],[4.870823948211424,52.303362286916666],[4.870727223801932,52.30338644633659],[4.870685343741556,52.303397111776505],[4.870549961776895,52.30343684623044],[4.87055046072238,52.30343932995399],[4.870536849014476,52.30345660085634],[4.870524687743202,52.30346916936128],[4.870510557911238,52.303480938334694],[4.870494595745418,52.303491792427884],[4.870477106969369,52.30350065713065],[4.870458437324387,52.30350856485879],[4.870438723857113,52.30351545599188],[4.870418115238722,52.30352127994839],[4.87029652147648,52.303555756250475],[4.870218074449837,52.30357782007519],[4.87011278229858,52.30360993173754],[4.869986263526003,52.30365559403218],[4.869960726560093,52.30366410169856],[4.869946969978981,52.30366822088463],[4.869907385057623,52.30367942637013],[4.869849786398492,52.30369394146576],[4.869849526147105,52.30369400503984],[4.869829990620065,52.303698819759106],[4.869829465697981,52.30369894868541],[4.869829001806282,52.30369899878569],[4.869767570178064,52.303706366118135],[4.869767213394619,52.30370640949645],[4.869767032824686,52.30370642937853],[4.869766727469544,52.3037064630952],[4.869766496947861,52.30370649174662],[4.869759180510059,52.30370739627111],[4.869742076828158,52.303709106427945],[4.869724781328843,52.30370978753359],[4.869707459765396,52.30370943312286],[4.869690277765542,52.30370804751565],[4.869677079708507,52.303706000756044],[4.869664213591487,52.30370327416882],[4.869651771548535,52.30369988793043],[4.869639842739578,52.30369586579965],[4.86962851627211,52.30369123602879],[4.869617870907149,52.3036860340154],[4.869617664040939,52.30368591986325],[4.869595930935469,52.30367371902479],[4.869595517245145,52.30367348712549],[4.869595180471857,52.303673197141805],[4.869595106601356,52.30367311952309],[4.869594856914324,52.303672905418416],[4.869562008435267,52.3036447501383],[4.869561735144579,52.30364454851324],[4.869561621972373,52.30364444645529],[4.869561262118912,52.30364412401426],[4.869560895008276,52.30364379524996],[4.869559694095399,52.30364242114515],[4.869555276740601,52.30363736861836],[4.869501951786149,52.30365378070917],[4.869469762452383,52.303663193887154],[4.869407693127812,52.303691192536775],[4.869407687556865,52.30369129317625],[4.869407486786137,52.303691285107],[4.869407601707654,52.30369174039509],[4.869415648083589,52.30372357641593],[4.869415688705172,52.30372373927378],[4.869418646059158,52.303725996485646],[4.869419616729393,52.30373605903282],[4.869418916386823,52.30374507886474],[4.86941689883232,52.303754023723705],[4.86941357664194,52.303762820863106],[4.869408308157115,52.30377620766338],[4.86940170075796,52.30378936839942],[4.869393778476786,52.30380225374307],[4.869387363989416,52.30381043336026],[4.869379703684577,52.303818198575726],[4.869370852487985,52.303825491208755],[4.869359026590725,52.303833021577745],[4.869355095726387,52.30383353015598],[4.869354762399055,52.30383357363576],[4.869313512208523,52.30385189989183],[4.869310830822283,52.30385477324908],[4.869299539657153,52.303858311755214],[4.869243321315972,52.30387386620261],[4.869242796159704,52.303874014898575],[4.869157368724697,52.303898245878806],[4.869156742061408,52.30389842378969],[4.869156121283455,52.30389859992875],[4.869152021152153,52.30389853523309],[4.869148209995117,52.303896823432204],[4.86914665276699,52.30389457234642],[4.869147256881878,52.30389217793418],[4.869129882250916,52.30387259730683],[4.869067683064261,52.30389571930348],[4.869012165143848,52.30391657953835],[4.868980622659191,52.30392783073564],[4.868949017870845,52.30393901693905],[4.868917352244997,52.303950138154924],[4.868881012622216,52.30396250077279],[4.868844411063557,52.30397456653135],[4.868807553423468,52.30398633635492],[4.86844313530082,52.30409814718467],[4.868254379419374,52.3041483700998],[4.868195345422131,52.3041639116961],[4.8677692853603,52.30427576451873],[4.867766726345857,52.3042764363564],[4.867765468945802,52.30427676248568],[4.86776530422678,52.304276805802694],[4.867764214477945,52.304277088627856],[4.867761698285156,52.304277734588695],[4.867760439450424,52.30427805801526],[4.867760243869553,52.304278107488244],[4.867759179223094,52.3042783751442],[4.867755792761023,52.304279216813],[4.867754098802138,52.30427963719482],[4.867752400528921,52.30428005036731],[4.867749001134202,52.30428086950953],[4.86774729849407,52.30428127996649],[4.867747014746973,52.30428134612914],[4.867745590105012,52.30428168051149],[4.867742171913212,52.30428247710138],[4.86774197933805,52.30428252029603],[4.867738742202492,52.30428325566485],[4.867737391191561,52.3042835625082],[4.867737026629789,52.304283643595205],[4.867736582687968,52.30428374230927],[4.867735311120081,52.30428402613311],[4.867732672508507,52.30428460864077],[4.867731872854059,52.30428478398676],[4.867731054150673,52.304284958350294],[4.867728423111144,52.304285520219096],[4.867726694584872,52.30428588742036],[4.867726547606165,52.30428591823228],[4.8677249661321,52.30428624833047],[4.867721500534859,52.30428696112455],[4.86771999260785,52.30428727087365],[4.867719766291096,52.30428731571764],[4.867718027785534,52.30428765860779],[4.867401493149909,52.304348316395505],[4.867395805278159,52.304349364546695],[4.867390078704051,52.30435033702966],[4.867384319281551,52.304351234768845],[4.867378422885156,52.304352060003],[4.867372499504871,52.30435281051913],[4.867366552093968,52.304353484532626],[4.867360588109188,52.3043540712909],[4.867354603068133,52.30435457796451],[4.867348602824767,52.30435500547795],[4.867342583075398,52.304355345723266],[4.867336553988239,52.304355606834186],[4.867330515563318,52.3043557888107],[4.86732447075392,52.30435588986821],[4.867318423968932,52.30435590912738],[4.86731237817215,52.304355843904794],[4.867296184244276,52.30435533231703],[4.8672941451051,52.304380497410115],[4.867294131305084,52.30438067441001],[4.867294158724459,52.30438083721053],[4.867294088268778,52.30438172130482],[4.867292035403681,52.30438474657756],[4.867291945901921,52.30438487740666],[4.867291769484669,52.304384917975256],[4.867269223586518,52.304390083047316],[4.867268143296626,52.30439018345616],[4.867263772251769,52.30439071339839],[4.867259411133158,52.30439127214523],[4.867255040067061,52.30439180388463],[4.86725065908503,52.30439230592033],[4.867246269621643,52.30439278095512],[4.867241871676907,52.304393228988886],[4.867237465345462,52.30439364193305],[4.867233053475429,52.304394026990366],[4.867228633134586,52.30439438414791],[4.86722421166403,52.30439471253929],[4.867219786110508,52.304395013948984],[4.867215353552316,52.30439528746537],[4.867210912523349,52.304395533082086],[4.867206467464017,52.30439574722338],[4.867200687072216,52.304396306019704],[4.867200315756307,52.3043963376422],[4.867199973794223,52.30439636669741],[4.867196350520211,52.30439664466996],[4.867195831021626,52.30439668462882],[4.867195633211898,52.304396673872496],[4.867195106041758,52.30439661762766],[4.867194623517504,52.304396504955704],[4.867194272596509,52.30439642252225],[4.867191531003942,52.30439578042052],[4.8671912620171,52.30439571272784],[4.86717039237142,52.30439031634331],[4.86716934523741,52.30438996390961],[4.867163769298618,52.30438808609934],[4.86716200645054,52.30438750132861],[4.867146544110672,52.304382356107496],[4.867144909723677,52.30438181953698],[4.867144503879298,52.304381669452994],[4.867143725742896,52.30438138381315],[4.867105178379439,52.30436720765395],[4.867104801731382,52.30436706848365],[4.867104676192548,52.30436702119481],[4.867104072187565,52.304366765081554],[4.867088223577864,52.30436004887631],[4.867087246078225,52.30435963473197],[4.867086716718984,52.304359389732284],[4.86708551658691,52.304358830803345],[4.867084882277585,52.3043585332126],[4.867084656260651,52.30435842706093],[4.867084437532212,52.30435832453639],[4.867083797442588,52.30435801972996],[4.867082082749256,52.30435720418216],[4.867014888841919,52.30437473966095],[4.866995565247512,52.304380686414994],[4.866929078558193,52.3043999254561],[4.866928883083227,52.304401093016175],[4.86692847599548,52.30440342896412],[4.866927994198987,52.30440575919076],[4.866927751839867,52.30440692384821],[4.866927484609393,52.304408083902395],[4.866926906164969,52.30441040381723],[4.866926616953256,52.30441156287591],[4.866926256038686,52.30441270993496],[4.866925148229722,52.3044156620631],[4.866924538938968,52.304417110021184],[4.866922368758154,52.30442226399212],[4.866921996254304,52.30442314855511],[4.866921620849773,52.30442403040895],[4.866920701764238,52.30442614120608],[4.866920242205655,52.30442719795274],[4.866919769504621,52.304428250147694],[4.86691881821698,52.3044303563092],[4.866917556615367,52.30443304441681],[4.86691624527089,52.304435723317795],[4.866914882727945,52.304438392106896],[4.866913492402291,52.304441054482226],[4.866912064052154,52.30444370860129],[4.866910596211414,52.30444635445752],[4.866909077182699,52.30444898930312],[4.866907521595601,52.30445161589884],[4.866905929450111,52.304454234244666],[4.86690442465381,52.304456655242085],[4.866902857003735,52.304459059784904],[4.866901211870282,52.304461445112324],[4.866901032895717,52.30446170407378],[4.866900846737866,52.30446195042062],[4.866898708041774,52.304464038775436],[4.866897638693654,52.304465082952824],[4.86689651682833,52.304466104429565],[4.86689424825772,52.30446814008353],[4.866893120632986,52.304469152547064],[4.866891971153236,52.30447015323024],[4.866889651731075,52.304472149113856],[4.866888577938479,52.304473071935725],[4.866888487632091,52.30447314613757],[4.866887304599794,52.304474132292526],[4.866884910794569,52.3044760945938],[4.866883713153558,52.304477076190565],[4.866882493668044,52.30447804510822],[4.866880031333689,52.30447997475167],[4.866878801627285,52.30448094002917],[4.866877545699075,52.30448189081079],[4.86687501632274,52.30448378600537],[4.866873750163113,52.30448473404556],[4.86687246218003,52.304485667609214],[4.866869858420607,52.30448752922141],[4.866868555807755,52.3044884600243],[4.866867222637871,52.30448937091944],[4.866864508158083,52.30449117182584],[4.866863986536225,52.304491518259454],[4.866863411734306,52.304491898612895],[4.866862873466004,52.304492164082625],[4.866861973894594,52.30449260771976],[4.866861072857048,52.30449305135045],[4.86686047117741,52.304493347998665],[4.866859809050252,52.30449367314204],[4.866859227198229,52.3044939042662],[4.86685826090086,52.30449428649238],[4.866857279879168,52.30449467404651],[4.866856319467277,52.30449505450101],[4.866856108907612,52.30449513087013],[4.866855319680647,52.304495416806596],[4.866799273737051,52.30451601483249],[4.866787644789783,52.3045200702119],[4.866787322373446,52.304520182938916],[4.866781697055175,52.30451926659281],[4.866779993760572,52.30451835402213],[4.8667797595467,52.30451819660302],[4.866779603640256,52.30451811322885],[4.866750124264183,52.30450234466127],[4.86674694019541,52.30450480590291],[4.86674366135486,52.304507221788185],[4.866740290706339,52.30450958963377],[4.86673683703602,52.30451191037715],[4.866733295977127,52.30451418130268],[4.866729669016823,52.30451640061939],[4.866725957621227,52.30451856833376],[4.86672216328803,52.30452068175588],[4.86671829041559,52.304522740905256],[4.866718160618351,52.30452280684411],[4.866716047020081,52.304523877881984],[4.866714923112581,52.30452444725942],[4.866713790534645,52.30452500581325],[4.866711510801702,52.30452611566647],[4.866710766128295,52.30452647819468],[4.866710640813591,52.304526536962975],[4.86671048748476,52.3045266090898],[4.86670976360012,52.304526949239914],[4.866707996051741,52.30452776744444],[4.866707111539206,52.30452817699286],[4.86670621981184,52.30452857662291],[4.866702063570957,52.304530418816384],[4.866697830425377,52.30453219236367],[4.866693527642553,52.3045339026894],[4.866689165453751,52.304535552534965],[4.866684743890554,52.304537139204214],[4.866684570204397,52.3045371968608],[4.866680252816455,52.304538651866984],[4.866679306323445,52.30453897036517],[4.866678352626139,52.30453927804624],[4.86667643650845,52.30453988707843],[4.866675476988729,52.304540191138734],[4.866674511730832,52.304540484388326],[4.866666488839174,52.30454285242925],[4.866229234501504,52.304670936426575],[4.866209062241181,52.304676840666566],[4.866208853324767,52.304676901762456],[4.866208647372203,52.304676960175],[4.865870840941797,52.304765590114016],[4.865841267650787,52.30477296460909],[4.865252540785374,52.30490816068706],[4.865220721390744,52.30491613179489],[4.865220306696326,52.304916236021306],[4.865219897824207,52.30491634386853],[4.86519712556019,52.30492251238871],[4.865009998572196,52.3049732496348],[4.864982801707741,52.30498062541987],[4.864938150824081,52.30499226525878],[4.864876822100616,52.30500824446225],[4.864845406930758,52.305016491383746],[4.864775224543173,52.30503476827267],[4.864663215031089,52.305063933362774],[4.864291594141801,52.30516069889642],[4.863991581327612,52.305238815699745],[4.863454042614422,52.3053787771236],[4.863444031560843,52.30538111457172],[4.863364142828326,52.3054019010899],[4.863363264795272,52.305402129986355],[4.863362939759964,52.305402214830124],[4.863362389694504,52.30540235889578],[4.863229495859938,52.30543691361899],[4.863134664576767,52.30546143474523],[4.863112736264004,52.30546710777903],[4.863110538362692,52.30546760765087],[4.86310944015039,52.30546785714066],[4.863108324736429,52.305468073299146],[4.863106069450269,52.30546846596128],[4.863104322521931,52.30546877009871],[4.86310254290019,52.30546898690911],[4.863100761822882,52.30546920281429],[4.863084849591319,52.30547162912735],[4.86295318182514,52.30549170326193],[4.862951687984263,52.305491931223436],[4.862951472078655,52.30549196262267],[4.86296253280242,52.30551425387116],[4.862964073816491,52.30551736060962],[4.862963068564415,52.30551967322079],[4.862960413464799,52.30552102041488],[4.86295994146298,52.30552113426601],[4.862959776787685,52.305521173082624],[4.862959463766177,52.305521233711374],[4.862904670836079,52.305533540567154],[4.862863487607745,52.30554197734717],[4.862667787131963,52.30558447597293],[4.862602081339794,52.30559848422561],[4.862538562514939,52.30561229542251],[4.862479128239666,52.305625513532654],[4.862478981263522,52.30562554343925],[4.862455116368552,52.30563043121003],[4.862454629087272,52.305630597120874],[4.862454093145249,52.305630662151955],[4.862453939071758,52.305630672253834],[4.86252956289825,52.30574604947922],[4.862529722787653,52.30574629196153],[4.862529794079632,52.30574646304688],[4.862531304550777,52.30574842909769],[4.86253145182833,52.305748622090945],[4.862531731845222,52.30574874916292],[4.862534024422578,52.30574979473252],[4.862534285390042,52.30574992082123],[4.862534613140966,52.30574997889854],[4.862538123915882,52.305750424091066],[4.862538459899441,52.3057504058082],[4.862490686774595,52.305771540915536],[4.862489020544684,52.30576910680515],[4.862485067474723,52.30576774918022],[4.862480028805018,52.30576817981427],[4.862477484619502,52.305769816898255],[4.862477283693953,52.305769945431855],[4.862477193623448,52.305770122991646],[4.862476966522918,52.305770481497945],[4.862476739443609,52.30577083820681],[4.862471374627509,52.3057792710706],[4.862466361307491,52.30578860697448],[4.86245729234634,52.30580552051383],[4.862458505725299,52.305808060469666],[4.862462495467989,52.305809789456276],[4.86246789863274,52.30580940987315],[4.862470287010145,52.305808178348805],[4.862470493970303,52.30580803546144],[4.862470734238297,52.30580792777442],[4.862471012828057,52.305807803180535],[4.862488470275365,52.30584055234766],[4.862482887866799,52.30583972047368],[4.862478843978449,52.30584083859724],[4.862478448842077,52.30584114782369],[4.862478044834456,52.30584146330232],[4.862472813505167,52.30584554394446],[4.862467504903442,52.30584958739338],[4.862462021411938,52.305853541086464],[4.862460459913196,52.30585465494324],[4.862459680656486,52.30585520963124],[4.862458985970207,52.30585580424099],[4.862457682559922,52.30585703967988],[4.86245703604468,52.30585765247902],[4.862456513643782,52.305858308970414],[4.862455566618457,52.30585966103486],[4.862455095352766,52.305860333032484],[4.862454760121731,52.30586103259721],[4.8624541933963,52.30586246274553],[4.862453910830322,52.3058631724305],[4.862453764426347,52.30586389889771],[4.862453571168816,52.30586536485679],[4.862453474550655,52.305866096937564],[4.862455177655454,52.30587198973511],[4.862458366523959,52.30587635310144],[4.862471827083667,52.30589990704855],[4.862475333698392,52.3059020715994],[4.8624797697818,52.30590896608297],[4.86249429528384,52.305942915600376],[4.862516792784525,52.30599462361331],[4.862524721781424,52.306011055313455],[4.862533260622768,52.30602737287625],[4.862542402084423,52.30604356728168],[4.862687156961004,52.30625142227956],[4.862687364557986,52.306251722495404],[4.862687536839499,52.30625203334009],[4.862688346419451,52.30625350644294],[4.862688761287047,52.30625425876777],[4.862689197179626,52.306254968942966],[4.862690119952121,52.306256417381775],[4.862901139445555,52.30655996472085],[4.862910482314561,52.306573524752174],[4.862911221839833,52.30657459848254],[4.862913848404605,52.306577664194805],[4.863034584923001,52.30673019275144],[4.86304030489221,52.30673876553978],[4.863051413549169,52.30675540632835],[4.863083986741941,52.30680413895621],[4.86312267925372,52.30686203033787],[4.863148787393889,52.306904829287035],[4.863156971137311,52.306918715813275],[4.863164009899455,52.30693283634266],[4.86316988648767,52.30694715664545],[4.863174579321239,52.30696164157363],[4.863178069783562,52.30697625329586],[4.863180352432579,52.30699095583684],[4.863184681993537,52.30702655070073],[4.863187880516141,52.307062191784055],[4.863189942313023,52.30709786378244],[4.86319449976964,52.307239855945646],[4.863195859553786,52.3072824643462],[4.863199041686125,52.307420351055974],[4.863199053547698,52.307420837350826],[4.863199055932904,52.307421008130426],[4.863199062498039,52.307421321835214],[4.863200462861549,52.307480262223024],[4.863207919420408,52.30775443344059],[4.863213191490553,52.30796391845578],[4.863212349400609,52.30798559339986],[4.863211609974953,52.30800477916651],[4.863210875529202,52.30802354252658],[4.863210373368239,52.308036285061654],[4.863210540472441,52.30804574101145],[4.863212786482123,52.30817610162862],[4.863213602259502,52.308223812705144],[4.863214608152949,52.30829345405749],[4.863214610686608,52.30829361225473],[4.863214620699834,52.308293757902106],[4.86321534454388,52.308298154365545],[4.863218165398266,52.30831472336433],[4.863218265503601,52.30831531161261],[4.863218264818672,52.30831549406276],[4.863218265851456,52.3083159039129],[4.863218358719318,52.30833277540113],[4.863218468969571,52.308352027845466],[4.863220954665323,52.30843967839709],[4.863221054241639,52.308443047481084],[4.863232038303107,52.308817395664995],[4.863232065892648,52.308818289178554],[4.863232144854247,52.30881917842578],[4.863237028267053,52.30896401933094],[4.863237036030075,52.308964231478384],[4.863237039415497,52.30896444180883],[4.863237305508281,52.30897682014219],[4.86323744421729,52.3089986342446],[4.863243818253406,52.309180594335565],[4.863244939656279,52.30921718789977],[4.863244961695173,52.30921793039295],[4.86324498375526,52.309218671088665],[4.863251023200017,52.3094153337944],[4.863251026210701,52.309415451548425],[4.863251032175138,52.309415567517945],[4.863252146236144,52.309446815081095],[4.863254125164345,52.30950283606113],[4.86325432798342,52.30950864220486],[4.863254362142247,52.309509600459826],[4.863254369555754,52.30950984226555],[4.86325438899086,52.30951055688482],[4.863264131209866,52.30983195212915],[4.863264922054043,52.309858154282935],[4.863264930541884,52.30985842934836],[4.863264933308912,52.30985856777335],[4.86326573452084,52.30988003517954],[4.863266531072184,52.30988970962207],[4.863266574727299,52.30989023560399],[4.863266589067118,52.309890760557266],[4.863270236613263,52.310019302803006],[4.863270270494684,52.310020533388176],[4.863270362519841,52.31002379727985],[4.863270386220545,52.310024647634314],[4.863270412875042,52.310025496204354],[4.863273950676481,52.310137105772284],[4.863276975941672,52.3102324891213],[4.863277977994956,52.310264409372046],[4.86328258490044,52.31040971817442],[4.86328268710662,52.31041298930125],[4.863282700870549,52.31041343875407],[4.863282709411573,52.31041370932582],[4.863282712655518,52.310413807307604],[4.863282735901,52.31041469630768],[4.863284117112422,52.310447666218536],[4.863284182837616,52.31044918096029],[4.863284186070969,52.310449279840775],[4.863284668081977,52.31046685319813],[4.863284646840091,52.31046778424398],[4.863284625640587,52.31046871169495],[4.86328382910085,52.31047943245456],[4.863291015675803,52.31064536717981],[4.863293983648966,52.31064064193771],[4.863296296106706,52.3106360441158],[4.863299244823356,52.31063158392943],[4.863302805935009,52.31062729542673],[4.863306952676938,52.310623209946414],[4.863311655373002,52.310619357016954],[4.863316878481834,52.31061576614067],[4.863322587981402,52.310612462332834],[4.863327416503873,52.31061025024029],[4.86333246276978,52.31060822605895],[4.863337704667845,52.310606399577416],[4.863344605687604,52.31060439529404],[4.863351747534609,52.31060273541219],[4.8633590831279,52.31060143320504],[4.863366565460705,52.31060049565474],[4.86337414607054,52.31059992883802],[4.863378561700753,52.31059977762355],[4.863457306430091,52.31059858939387],[4.863476475549334,52.31059830576761],[4.863481547844463,52.310598427091904],[4.863533605252658,52.31059963724268],[4.863641682268524,52.310598075425645],[4.863754139968436,52.310596838482134],[4.863760022444433,52.31059664880541],[4.863765464495652,52.310596502118656],[4.863770344052394,52.31059630440821],[4.863775211354419,52.3105960266516],[4.863780066422869,52.31059566705133],[4.86388566703577,52.31057776315343],[4.863891755538868,52.3105773865359],[4.863897082292858,52.31057706856409],[4.863911822380948,52.31057682818777],[4.864229252735192,52.31057196034092],[4.86422956659055,52.31057195633586],[4.864229883336234,52.3105719559387],[4.864237070190851,52.31057195086321],[4.864274579616548,52.31057190458047],[4.864276462621766,52.31057189133417],[4.864277509709792,52.31057188427901],[4.864278348559614,52.3105718781008],[4.864958846808594,52.31056283182602],[4.865034860072619,52.31056184709331],[4.865062697635293,52.31056138576793],[4.865081875478777,52.31056160523883],[4.86511201398291,52.3105625022337],[4.865126252194885,52.31056366518841],[4.865140359942237,52.31056532369419],[4.865154290387738,52.31056747035402],[4.865171617270835,52.31057046787049],[4.865187949171925,52.3105732812367],[4.865350912686509,52.31060172777998],[4.865367990111086,52.310604742142694],[4.865501699845957,52.31062814307099],[4.865583575417014,52.31064256112899],[4.865682471859969,52.31065982242892],[4.865801266055604,52.31068094624682],[4.865929825971699,52.31070337127844],[4.866018466638616,52.31071863673989],[4.866044088523307,52.31072305480312],[4.866045295867853,52.31072326234881],[4.866046497231175,52.31072347975479],[4.866063231336692,52.310726642600955],[4.866063436179188,52.31072668125234],[4.866141301881237,52.31074031729029],[4.866254261262299,52.31076010272458],[4.866294094950245,52.310767072953304],[4.866371991165844,52.310780744924514],[4.866637714932224,52.31082728343126],[4.866731372517817,52.31084368672416],[4.866857180575916,52.31086576608571],[4.866904667773562,52.310874099975095],[4.866985546837567,52.310888539639166],[4.867124439816186,52.310912879179256],[4.867124827625529,52.310912946495556],[4.867125215403314,52.310913016508074],[4.867266120735988,52.310938082856936],[4.867369408655182,52.31095611702192],[4.86743470460407,52.31096766571402],[4.868128507595762,52.3110905021743],[4.868277862012561,52.31111682673484],[4.868434387283509,52.311144413888286],[4.869008573119695,52.31124647990657],[4.86903606927366,52.31125143581206],[4.869301304268344,52.31130767482726],[4.869331815816794,52.311314360541985],[4.869382007062593,52.31132579708561],[4.869611686670675,52.31137813182195],[4.869711034456746,52.3114022404432],[4.869722185635468,52.3114055958506],[4.86972861493868,52.31140744041779],[4.869737332573992,52.31141098650515],[4.869741327900007,52.3114126811125],[4.869741949003906,52.31141286358618],[4.869755654496595,52.31139545748744],[4.86975624112432,52.31139268191479],[4.869760328300872,52.31139051844708],[4.869763692630811,52.311390487326086],[4.869763955148488,52.31139048487928],[4.869764209444877,52.311390558793114],[4.869764728281146,52.311390708463165],[4.869798219790088,52.311400410825854],[4.86982360576815,52.31140777504416],[4.869854998347288,52.3114168911914],[4.869863739578928,52.31141929322162],[4.869868768010613,52.311420672376165],[4.869873227038332,52.31142196275703],[4.869874365544958,52.31142229219698],[4.869875460847448,52.31142267986884],[4.869884471490197,52.311425873106195],[4.869886962732579,52.31142702455715],[4.869887435296834,52.31142724412933],[4.869887737262672,52.31142750609708],[4.86993437242809,52.31145395720407],[4.869937932624294,52.31145309915532],[4.869938219378072,52.3114530303042],[4.869938512072155,52.31145308101717],[4.869942805892832,52.31145382511163],[4.869943073774098,52.31145386582946],[4.869943394665261,52.311454013734334],[4.870235174578089,52.31151173916165],[4.870235432080511,52.31151178972007],[4.870239003487958,52.31151223674438],[4.870239290484671,52.311512273051186],[4.87023949131434,52.31151240515122],[4.870241984057754,52.311514059020936],[4.870242222772045,52.311514211958595],[4.870300679169815,52.311511409757955],[4.870300874526131,52.3115112560209],[4.870312442001432,52.31150215156334],[4.870312905129543,52.31150179587139],[4.870322132023261,52.31150216065089],[4.87032924576724,52.311502780438246],[4.870330948023675,52.31150292898534],[4.870332639639335,52.31150310984216],[4.870336251843502,52.31150357951136],[4.870348884693361,52.31150550417936],[4.870390825670238,52.31151170028932],[4.870408729230181,52.31151434902977],[4.870436168564443,52.311519426594735],[4.87043700409422,52.311519581240475],[4.870437647971167,52.311519697300035],[4.870665843079027,52.31155939738971],[4.870699808679914,52.31156530510618],[4.870759507702259,52.31157532744779],[4.870819077345022,52.311585633209816],[4.87087851468699,52.31159622148087],[4.871418721054199,52.31169819933173],[4.871598381214435,52.311732911639304],[4.871768068684233,52.31176646572728],[4.871835077577815,52.31177971814447],[4.871895694382302,52.31179170145836],[4.871897232075779,52.311792005654226],[4.871897450073413,52.31179204884669],[4.871898769769272,52.311792309850084],[4.87195868645522,52.311803971013624],[4.871968542124434,52.31180588790504],[4.871976975863479,52.311808646154596],[4.871985053321439,52.31181177854298],[4.871992732161575,52.31181526870784],[4.871999974529551,52.31181909311594],[4.872006748436421,52.31182322825976],[4.872013016006912,52.31182765240364],[4.872017534207061,52.311831310355295],[4.872021708974597,52.31183511960418],[4.872025524325378,52.31183906749767],[4.872028142177246,52.31184220666372],[4.872034188207762,52.311849423259034],[4.872036285568803,52.31185192202217],[4.87204082603597,52.311858086775594],[4.87204478848432,52.31186439910828],[4.872048165811063,52.311870839216105],[4.872051310118705,52.311878405382885],[4.872053642226756,52.31188608036027],[4.872055158089974,52.31189383357217],[4.872055729753908,52.31189954692867],[4.872055858430564,52.31190527093893],[4.872055545732004,52.31191099302698],[4.872054682222042,52.31191717199435],[4.872054608715755,52.31191769386714],[4.872054536696666,52.31191821394885],[4.872054290913447,52.311919934946616],[4.872054024632381,52.31192165315876],[4.872053890009848,52.311922513606525],[4.872239748957321,52.31195758627664],[4.872240009428598,52.3119576341473],[4.872277243130128,52.31196388998323],[4.872397199604824,52.31198398759621],[4.872421887212717,52.31198840919406],[4.872544144502857,52.312004975465626],[4.872547772956278,52.311997337217115]]]},"id":16},{"type":"Feature","properties":{"fid":22,"buurtcode":"BU03620602","buurtnaam":"Zeestratenbuurt","wijkcode":"WK036206","gemeentecode":"GM0362","gemeentenaam":"Amstelveen","wijknaam":"Bankras, Kostverloren","id_kv":26},"geometry":{"type":"Polygon","coordinates":[[[4.88253763848984,52.31282846376922],[4.882865480698565,52.31282338175703],[4.883246594226453,52.31281747422327],[4.883260637723012,52.31281703163231],[4.883261966409322,52.31281702560855],[4.883263293629238,52.3128170195785],[4.883265953129427,52.31281707854376],[4.883267287975557,52.312817175906076],[4.883384069779953,52.312813183933336],[4.883385287307467,52.3128128934196],[4.88338771648668,52.31281231326584],[4.883388941101555,52.312812044353024],[4.883445421148581,52.312809405193924],[4.883672941260901,52.31280570022274],[4.883737497961008,52.31280544471989],[4.883738514203182,52.312806222896505],[4.883747544091078,52.31281313611257],[4.883801153348262,52.31281225876122],[4.883810672395411,52.31280434325092],[4.883811026233854,52.31280404725982],[4.884062329425991,52.312800211759075],[4.884166619137062,52.312798217799084],[4.884166918373106,52.312798210982535],[4.884482947786519,52.312791052892145],[4.884587885556566,52.312788676636174],[4.88459349930503,52.31278892518395],[4.884613682506594,52.312789810854284],[4.884638512044306,52.312790905005436],[4.884644415342714,52.31279252182843],[4.884650257614726,52.312794218383466],[4.884656037393968,52.312795994664356],[4.884660730478412,52.31279751556812],[4.884665377495081,52.312799090202915],[4.884669974044806,52.31280071855007],[4.884677269690566,52.3128034431932],[4.884684430401185,52.312806299383624],[4.884691448865054,52.31280928529273],[4.884698001148377,52.3128122575369],[4.88470441578738,52.312815341543754],[4.884710686946993,52.31281853459219],[4.884772040183563,52.31280848526937],[4.884765971734836,52.31278892087175],[4.884764060850969,52.3127793308402],[4.884763665585867,52.312769673545965],[4.88476478933165,52.3127600379829],[4.884767417883728,52.312750513070064],[4.884770000909988,52.31274423616212],[4.884773242521584,52.31273807619663],[4.884777129246364,52.312732057383506],[4.884797967656605,52.31268796176418],[4.88481186465952,52.312658576686296],[4.884714198499508,52.31265973472217],[4.884707730499992,52.31265981510062],[4.884714562385661,52.3126458410973],[4.884716048666532,52.31264279155185],[4.884703464392137,52.31263506249622],[4.88469517775779,52.312629976139426],[4.884682675483455,52.31261642332211],[4.884649094841738,52.312580005817786],[4.884504167071984,52.3124320346898],[4.884499794722222,52.312427054831495],[4.884504812856338,52.31242420904199],[4.884513107709478,52.31241948973465],[4.884503886245269,52.31241019309113],[4.88449353974567,52.312412197445965],[4.884486441249575,52.3124135702778],[4.884482137748793,52.3124089861755],[4.884443848957134,52.31235582226615],[4.884409776081794,52.31230850935931],[4.884243948404013,52.312128569259585],[4.88415789883782,52.31203518838691],[4.883999082462292,52.31186304322299],[4.883998876610834,52.31186296235569],[4.883935377421945,52.311837683598924],[4.883934848011077,52.31183703871725],[4.88392660891194,52.3118269993184],[4.883909409526619,52.31180870782465],[4.88385876369253,52.31176038950284],[4.883524520426779,52.311386861904005],[4.883268657261912,52.31110092105537],[4.883244680402096,52.311085628585104],[4.883224592564702,52.31105183866035],[4.883211349227896,52.31102224914359],[4.883136871817229,52.310766165271254],[4.883127265630181,52.31074430189706],[4.883130916097013,52.31060476349513],[4.883153260662881,52.31037752066008],[4.883170762350958,52.3102294578963],[4.883196278077586,52.31001348130863],[4.883200296634684,52.30998109731815],[4.883201201449211,52.30997372216817],[4.883223700813461,52.309792245966065],[4.883248173500467,52.309752246551916],[4.88325311531474,52.309749645857245],[4.88325814585891,52.309747108455184],[4.883263259257615,52.3097446352195],[4.883268452619044,52.30974222254266],[4.883273720057648,52.309739872197184],[4.883279073181488,52.30973759501791],[4.883280459608311,52.30973701491807],[4.883281860555353,52.309736447463045],[4.883284660993223,52.30973531164791],[4.88328606628808,52.309734748705296],[4.883287480288937,52.30973419388876],[4.883290305368151,52.309733083344405],[4.88329317109578,52.30973200892444],[4.883294606846269,52.30973147577126],[4.883296052738483,52.30973095344665],[4.883299216908036,52.30972981109169],[4.883300804053441,52.30972924622723],[4.883302401340564,52.30972869219131],[4.883305595894307,52.309727585916896],[4.883327844822967,52.30972075018181],[4.88334941821025,52.309715296589054],[4.883369478427394,52.309712677599066],[4.883566144390766,52.30968703698608],[4.883569018619052,52.309671626113726],[4.883510731588439,52.30966754012549],[4.883484625319782,52.30938092400278],[4.883483556931415,52.30936910046056],[4.88348245319157,52.309284070916085],[4.88350046607348,52.30925118926062],[4.883530261249656,52.309238211883546],[4.8836282694799,52.309221605329654],[4.883692142604984,52.309221689392956],[4.883738199872112,52.30922175062064],[4.88373465453636,52.309110286473036],[4.883733188361864,52.30909991726752],[4.883734897455231,52.30877303725212],[4.883709457224215,52.30865779488856],[4.883707166620195,52.308573946676994],[4.883682983965058,52.308570194678865],[4.883553783809386,52.308567802115576],[4.883478034511475,52.30855477076444],[4.883471182799105,52.308548782655315],[4.883463595408731,52.30850278568932],[4.883463485687956,52.30850211652759],[4.883465241126348,52.30849161633319],[4.883467211562271,52.30848129411458],[4.883477659206584,52.30842630613297],[4.883672428615568,52.30840693976941],[4.883684546971102,52.308396008229785],[4.883680212227804,52.30824164179486],[4.883687577991714,52.308198504607965],[4.883667186088656,52.30813339984602],[4.883659520152139,52.30800373575178],[4.883652279999573,52.307782145945396],[4.88367578486685,52.30766307637295],[4.883668651278802,52.30755631552454],[4.883651905740043,52.30730530401571],[4.883648333957976,52.30725172133987],[4.883645174240887,52.30720447683825],[4.883629316201667,52.30718961445697],[4.883628373135473,52.307188730533305],[4.883627513999672,52.30718781550958],[4.883625187222079,52.30718533844394],[4.883623252880089,52.30718264913867],[4.883621742934665,52.307179903219314],[4.883621162410458,52.307178468986315],[4.883620891967649,52.307177749707236],[4.883620668514816,52.3071770243367],[4.883620235772256,52.30717561769637],[4.883619737915865,52.30716921714006],[4.883611736215021,52.30706403443966],[4.883470022482981,52.30705986282947],[4.883390899267429,52.307057538625905],[4.883372656496846,52.30701130930649],[4.883372190897568,52.30700840425378],[4.883368039092743,52.30698273529845],[4.883369102012428,52.30697951319471],[4.883235554944607,52.30698187429121],[4.883184078400514,52.30698278741764],[4.883144784315721,52.306987778986574],[4.883045594391875,52.3069874730863],[4.883004804027355,52.30698735314285],[4.882922021013116,52.30698710808783],[4.882911686991626,52.30698721322721],[4.882901352684536,52.306987343530395],[4.882891019578427,52.306987497206165],[4.882880693538096,52.30698767427948],[4.882870368678317,52.30698787652294],[4.882860045019473,52.3069881021389],[4.882849718091541,52.30698835739989],[4.882839392354308,52.3069886369322],[4.882829067807756,52.306988940735884],[4.882818748870874,52.3069892670321],[4.882808432550046,52.30698962120086],[4.882798117368845,52.306990004134654],[4.882787802014057,52.306990402346116],[4.882777489275266,52.30699082843011],[4.882767179142253,52.3069912832854],[4.88273615090426,52.306992612376],[4.882705116139404,52.30699387042675],[4.882674071925631,52.30699505652644],[4.882643025594112,52.30699617070627],[4.882611972776994,52.306997210251275],[4.882580913494846,52.30699817336397],[4.882549844682753,52.306999071715495],[4.882518769385521,52.30699989543216],[4.882487689089923,52.30700064272283],[4.88245660666728,52.30700131899229],[4.882425519195545,52.30700192332944],[4.882394428141068,52.307002455740445],[4.882363336487455,52.307002911744156],[4.882332242697195,52.30700329762548],[4.882301145314439,52.30700361247945],[4.882274072519406,52.30700382766396],[4.882246998880833,52.30700398801295],[4.882219922942832,52.30700409262137],[4.882207840512048,52.30700412192713],[4.881860074926024,52.307004946521],[4.881830754548572,52.30700449768731],[4.881803807171751,52.30700425671819],[4.881791423485384,52.30700408696187],[4.881785688323524,52.30700400762979],[4.88178396427346,52.307003982287185],[4.881782243094476,52.30700396234956],[4.88171984509795,52.307003250805735],[4.88170025887816,52.307002969368604],[4.881641922147504,52.30700241445177],[4.881628420056384,52.30700221293453],[4.88158709422977,52.30700134242564],[4.881584719616678,52.30708530648972],[4.881584643830791,52.3070881013815],[4.881584746973527,52.30709450115888],[4.881585415948874,52.307138805042776],[4.881584566395174,52.307165791870624],[4.881576975738279,52.30728394941164],[4.88157411435663,52.30733955388255],[4.88153523424178,52.30733904703316],[4.881525926080359,52.30751522176596],[4.881511262237741,52.307515303778544],[4.881494501506715,52.307515393901056],[4.881440138415568,52.30751606923299],[4.881358969189519,52.30751707839682],[4.881356913643931,52.30754179513043],[4.881356523013969,52.30754648510791],[4.88135419573601,52.30757446326208],[4.881353958241112,52.30757729341326],[4.881333110474936,52.3080704006929],[4.881327632593013,52.308199965602064],[4.881215186993453,52.3081994397007],[4.881192788930569,52.30817678532935],[4.88115292444759,52.30813646614532],[4.881149037122591,52.30813956829133],[4.88114496312125,52.30814258155782],[4.881140714224644,52.30814550150123],[4.881140548695736,52.30814561583725],[4.881134309197964,52.30814950873492],[4.881127750884946,52.30815319894082],[4.881120891464164,52.30815667664403],[4.881109673451849,52.30816163307059],[4.881097834426139,52.30816601251649],[4.881085452435864,52.30816978565579],[4.881072611353974,52.308172926782376],[4.880861952806066,52.30824827794772],[4.880850528500514,52.308253704428964],[4.880839938985902,52.30825973397109],[4.880830265489285,52.308266315691405],[4.880796697068813,52.30825113623802],[4.880799435458394,52.30824888033222],[4.880802262817466,52.30824666615125],[4.880806020107318,52.30824404071366],[4.880806845103776,52.30824357328337],[4.880808493609918,52.30824264021386],[4.880809281858069,52.30824218071523],[4.880810062005131,52.308241660064695],[4.88081564126544,52.3082379342275],[4.880820593018494,52.30823381563175],[4.880824833567411,52.308229443230644],[4.88082819302639,52.30822505627204],[4.880830862374066,52.30822049469138],[4.880832820612162,52.30821579974285],[4.880834048208666,52.30821101268688],[4.880836097062583,52.308206086240176],[4.880837681813637,52.30820109668941],[4.880838793490444,52.308196059275474],[4.880839592599538,52.308188083300344],[4.880839215854396,52.30818009599998],[4.880837663984581,52.30817216208985],[4.880834952382051,52.308164346348185],[4.88083110085793,52.3081567117745],[4.880826142409203,52.30814932232362],[4.880811926596965,52.30813477397965],[4.880796622388729,52.30812064699737],[4.88078026021766,52.30810697296401],[4.880764476554471,52.308094903935505],[4.880747883172443,52.30808324937197],[4.880730510616933,52.3080720309747],[4.880720950365781,52.30806584775489],[4.880711193786373,52.30805977963662],[4.880701245226207,52.30805383113238],[4.88069575359883,52.30805064120361],[4.88069020732198,52.308047486093116],[4.880684607841409,52.30804436760459],[4.880651801200859,52.30802733897893],[4.880617398450894,52.30801153753739],[4.880581523595401,52.30799701863552],[4.880563125065155,52.30799026996117],[4.880544408913631,52.307983857865864],[4.880525297686265,52.3079777595481],[4.880466383694702,52.307961621176965],[4.880405458448137,52.307948784377075],[4.880342911132805,52.307939322715804],[4.880279237947918,52.307933312017425],[4.880263634460846,52.307934773075935],[4.880134423569221,52.30793619565365],[4.880146358934468,52.308294780393254],[4.880146834787101,52.30830448030264],[4.880147625200391,52.308329020469166],[4.880149439699557,52.30838460899302],[4.880149749857038,52.30839469466868],[4.880151577044795,52.30845032818531],[4.880117670868787,52.30845074996555],[4.879943199207859,52.30845292291688],[4.879943646413373,52.308476561930725],[4.879945750246111,52.30852604985949],[4.879941327319482,52.30852442296888],[4.879936848008762,52.30852285425723],[4.87993231375967,52.30852134552822],[4.879927729063286,52.30851988871214],[4.879923090833205,52.30851849727743],[4.879918402022436,52.308517169439256],[4.879913675888791,52.30851589986166],[4.879908909489488,52.30851468943093],[4.879904102803994,52.30851353994442],[4.87989924984417,52.308512462161936],[4.879894363949899,52.30851144355762],[4.879889445121164,52.3085104841316],[4.879884493296391,52.308509589276184],[4.87987951140806,52.30850875900404],[4.879874502388658,52.30850799332765],[4.879869467663376,52.30850729584837],[4.879864410205737,52.30850666298373],[4.879859332948224,52.30850609474626],[4.879843995449364,52.308504788638906],[4.879828563101467,52.30850408430732],[4.879823477545683,52.30850398609635],[4.879818388318615,52.308503952581724],[4.879813299829258,52.30850398288369],[4.879298400197142,52.30851040136754],[4.879100575846053,52.30851319182523],[4.878691735224908,52.30851832855873],[4.878412462806906,52.30852184622513],[4.878215765573056,52.30852351657213],[4.877984614704048,52.30852615725693],[4.877983475220023,52.308526170327056],[4.877982337047776,52.30852619688453],[4.877980059288519,52.30852624549947],[4.877979792389403,52.30852624794557],[4.877977780382256,52.30852626624717],[4.87797664101151,52.30852626943107],[4.877975503179106,52.30852626633013],[4.877973224571494,52.30852626101428],[4.877972230575999,52.30852624594957],[4.877971894835111,52.3085262418078],[4.87797094782148,52.30852622155266],[4.877968669708203,52.30852617309729],[4.877967674349444,52.30852614903883],[4.877967403164856,52.30852614157983],[4.877966393267157,52.30852610667338],[4.87796411844685,52.308526026774665],[4.877963099823734,52.30852598553916],[4.877962831602546,52.308525975396556],[4.877961845339972,52.30852592531249],[4.877959572397886,52.30852580947048],[4.877958586186811,52.30852575489271],[4.877958438177718,52.30852574706522],[4.877957304112037,52.30852567117885],[4.877955034524731,52.30852551850105],[4.877953973771677,52.30852544293032],[4.87795276953188,52.30852534876615],[4.877950929505033,52.308525202431596],[4.877950504652332,52.308525169145035],[4.877945884902267,52.30852472952357],[4.8779412850375,52.308524218084834],[4.877936717014658,52.30852361510719],[4.87793476242082,52.30852335772875],[4.877581092074812,52.30852772150756],[4.877577055715036,52.30852845100576],[4.877572980766055,52.30852909315562],[4.877568870170699,52.308529647070976],[4.877562793622074,52.30853029497694],[4.877556668083802,52.30853073954649],[4.877550511171602,52.30853097905798],[4.877501761499991,52.30853176664793],[4.877487711606228,52.30853198472683],[4.877486898248831,52.308515964905055],[4.877545204607721,52.30849248827195],[4.877489266302621,52.30849231913542],[4.8773824328977,52.30849334170717],[4.877354409515117,52.308515366038435],[4.876769424833185,52.30852242500545],[4.876573584681538,52.308524788382584],[4.876509923320881,52.308525502201164],[4.876396957887331,52.308526758054576],[4.876308306006861,52.30852784918366],[4.87620556075278,52.30852911304585],[4.876167342885484,52.30852958607046],[4.875844734916939,52.308533566548775],[4.875770733662826,52.30853447793952],[4.875039886698043,52.30854348518168],[4.874986754223884,52.308544135915604],[4.874948332817869,52.308544454871736],[4.874896319666313,52.308544678996526],[4.874546652182555,52.30854914091609],[4.874523143490149,52.30854944347636],[4.874520859653772,52.30854950997399],[4.874518904392726,52.308549566211596],[4.874516955851203,52.30854967550653],[4.874512018469333,52.308549952501956],[4.874507096272636,52.30855031135232],[4.874502189333668,52.30855074576641],[4.874497298015311,52.30855122428841],[4.874492423586792,52.30855176400067],[4.874487566068832,52.308552363105704],[4.874482729849801,52.30855302252139],[4.874477916406303,52.308553741355304],[4.87447312720457,52.308554519613786],[4.874468362265322,52.30855535549938],[4.87446362452105,52.308556249024825],[4.87445891691461,52.308557199304104],[4.874454248202025,52.30855820997022],[4.874449612601226,52.308559273807965],[4.874445010091458,52.30856039261474],[4.874440444967765,52.30856157539704],[4.874435918831193,52.30856281047759],[4.874431433116874,52.30856410055904],[4.874414518518553,52.308562112822536],[4.874244741945313,52.30852065280003],[4.874235128043988,52.30821672343954],[4.874232028226324,52.308118149400805],[4.874226997750446,52.307958180073854],[4.874225219868435,52.307946936670696],[4.874225098233247,52.30794616858205],[4.874224970753881,52.307945398670554],[4.874224689928578,52.30794368616882],[4.874224544384123,52.307942829895694],[4.874224385633207,52.3079419744641],[4.874224069597624,52.307940263607236],[4.874223906416908,52.30793941085281],[4.874223731527088,52.30793855624996],[4.874223383182576,52.30793684974688],[4.874223205318816,52.30793599872629],[4.874223009881023,52.307935145831934],[4.874222425002802,52.30793258985145],[4.874221781464996,52.30793003451527],[4.874221561028695,52.30792918780397],[4.874221327427438,52.30792833833922],[4.874220861639313,52.30792664390975],[4.874220625064122,52.30792579802727],[4.874220376779834,52.30792495029642],[4.874219881667143,52.30792325573974],[4.874219352800041,52.30792156373309],[4.874219085402919,52.30792072041324],[4.874218801898007,52.30791987522596],[4.874217372934238,52.30791562407408],[4.874215808880344,52.30791138941317],[4.874214125854535,52.30790717221193],[4.874212335628187,52.30790296892622],[4.87421042637811,52.30789878759391],[4.874208390783558,52.30789462728438],[4.87420624641858,52.30789048987143],[4.874203991816975,52.30788637534875],[4.874201626968394,52.30788228461497],[4.874199151893615,52.30787821587273],[4.874196559199263,52.30787417448253],[4.874193847398389,52.30787016223557],[4.874191038525965,52.307866175632235],[4.874188116391236,52.30786221999498],[4.874185083916312,52.30785829623535],[4.8741819440233,52.30785440526466],[4.874178699644677,52.30785054709574],[4.87417534930386,52.30784672262087],[4.874174243194174,52.307845497275274],[4.874173690108229,52.30784488729866],[4.874173112013402,52.3078442844039],[4.874165541729409,52.30783638901037],[4.874118915481698,52.30778794006364],[4.874112594327754,52.30778171103706],[4.87405444770535,52.30773044922903],[4.873965033441118,52.30773166381539],[4.873964465897731,52.307731671239345],[4.873845335791599,52.30773312439338],[4.873845178874338,52.30773312640868],[4.873839775369999,52.30773111215108],[4.873839474876865,52.3077311036566],[4.873717496914145,52.3077275066397],[4.873716755276231,52.307727606780205],[4.873690050381904,52.30773121720226],[4.873688470179182,52.30773143054387],[4.873688186823841,52.3077314616699],[4.873686787631453,52.30773161827523],[4.873683512183397,52.30773197615132],[4.873682020546084,52.307732138646664],[4.873681606561676,52.307732180889765],[4.873680239844283,52.3077323187615],[4.873676951573962,52.30773264422557],[4.873676013544757,52.30773273632286],[4.873675855015871,52.30773275091397],[4.873675586395465,52.30773277581247],[4.873674757074633,52.30773285040609],[4.873672559777842,52.3077330448902],[4.873671708453237,52.30773312028707],[4.873671460411904,52.30773314078097],[4.873670362553728,52.30773323308315],[4.873668168334744,52.30773341499762],[4.873667365499417,52.307733481617106],[4.873667069041486,52.307733504597174],[4.873666732953931,52.30773353100029],[4.873665971266375,52.307733589709365],[4.873664331986757,52.30773371291583],[4.873663772856391,52.307733753629854],[4.873663150636788,52.307733797665165],[4.873661568654184,52.30773391123368],[4.873660853979294,52.30773396205782],[4.873660465118006,52.30773398733302],[4.873660076246328,52.30773401350696],[4.873659361612982,52.30773406073613],[4.873657782708204,52.307734161735006],[4.873657154675619,52.30773420125107],[4.873655249031053,52.30773428105809],[4.87363652708176,52.307735063501944],[4.873636321695957,52.307735072496776],[4.873636028295085,52.30773508470465],[4.873635633807748,52.3077350892833],[4.873623929588167,52.3077352352978],[4.873594936702935,52.307735594750376],[4.873456703491693,52.3077373132891],[4.873451599988153,52.30773738100073],[4.872821408697449,52.30774543650545],[4.872810734783136,52.30774537211074],[4.872718549748717,52.30774666088698],[4.872755595972475,52.307949947116825],[4.872759624594503,52.30797294204124],[4.87275968381944,52.30797415925178],[4.872761250010467,52.30800745790661],[4.872778730819864,52.30856207439047],[4.872772360559218,52.308653830454894],[4.872753761247286,52.308820303126076],[4.872752608061469,52.3088451854242],[4.872762441341075,52.309114225081466],[4.872765778778077,52.30921733005117],[4.872766296669742,52.309233393562536],[4.872768955070711,52.30931535619186],[4.872770104195278,52.309369360093626],[4.872770453828646,52.30938602505753],[4.872772642711744,52.309489547454504],[4.872773506713539,52.30952131421496],[4.872773986747469,52.3095393818475],[4.872777604228749,52.309674035320036],[4.872778823923461,52.30971941120526],[4.872780238776676,52.30977199618072],[4.872780253347322,52.30978973822604],[4.872780280713312,52.309826642386355],[4.872780296532389,52.30984427658293],[4.87278040065164,52.30997968772135],[4.872780422628775,52.30999298980895],[4.872780387983537,52.30999598260649],[4.872780173621803,52.31002210031521],[4.872779275888218,52.31013385111768],[4.872779166001536,52.31014714364358],[4.872778270765476,52.31025741146196],[4.872777567665529,52.310296613327104],[4.872773697421607,52.31051186405317],[4.872758219978174,52.310854466795156],[4.87275362853326,52.31093693713827],[4.872754152867029,52.310956245279215],[4.872763102951167,52.3110748786297],[4.87276829446402,52.311157175808084],[4.872762974769171,52.311194883584605],[4.872744103259699,52.311318905470465],[4.872743500786857,52.31132281255635],[4.872740701000749,52.31134045247784],[4.872733709388046,52.311384506477374],[4.872731995716551,52.3113929430905],[4.872710840315543,52.31149712338694],[4.872710737698805,52.3114976271579],[4.872710642434621,52.311498129163226],[4.872682368480347,52.311642998751836],[4.872674890850331,52.31167709301526],[4.872662503864475,52.31173370650075],[4.87266233967105,52.3117340823766],[4.872547772956278,52.311997337217115],[4.872554509109428,52.311990304787244],[4.87256106795383,52.31198338752859],[4.872567341444517,52.31197781091104],[4.872574227632282,52.311972511087454],[4.872581693944756,52.31196751487963],[4.872585976483594,52.31196493602821],[4.872593249832167,52.31196039376428],[4.872602735134954,52.31195453631671],[4.872611738321668,52.3119500420223],[4.872621374804829,52.31194607177624],[4.872631562135184,52.311942653980836],[4.872642217842748,52.3119398188357],[4.872654900840265,52.31193743201299],[4.872656562231633,52.311937312511446],[4.872669085777498,52.31193641158055],[4.872681689011619,52.31193610059657],[4.872694294654278,52.31193634147441],[4.872707176583007,52.311937164166366],[4.872719925776426,52.3119385588043],[4.87273247635269,52.311940516113935],[4.872765600551315,52.31194581020059],[4.87289292011656,52.311967053822634],[4.872949154054824,52.31197626816129],[4.873004173949088,52.31198521654871],[4.873104719965933,52.312002361947606],[4.873118133683896,52.31200399311411],[4.873256937582218,52.31201620854614],[4.873388375510352,52.312028814247654],[4.873459837369372,52.31203623400672],[4.873543204109413,52.3120464197428],[4.873594707907666,52.31205255737184],[4.87361790016896,52.31205568696726],[4.873674322175776,52.31206387716421],[4.873697484290392,52.31206707851574],[4.873702462257369,52.31206776522467],[4.873740118992601,52.312072970859454],[4.873789248911237,52.312080230565506],[4.873835499570919,52.31208792714682],[4.873877681422793,52.312094940954005],[4.873883040425269,52.3120962836227],[4.873883329946209,52.31209635588291],[4.873883493712379,52.312096397038815],[4.873954242817327,52.312112725735716],[4.873954979947327,52.31211289520884],[4.873986945954867,52.312119964415835],[4.873987449119833,52.31212007625041],[4.873988245237059,52.31212021721823],[4.874019682261841,52.31212877610073],[4.874084414746493,52.312147508925655],[4.874100470178311,52.312154805682184],[4.874101177368726,52.312155409136615],[4.87416042910005,52.31220100343513],[4.874160788118883,52.31220128001975],[4.874169200824507,52.31221133973215],[4.874171068721483,52.312213656806286],[4.874172982231875,52.312215960596454],[4.87417494284282,52.31221824931156],[4.874180304526821,52.31222418835343],[4.874185976893419,52.31223001819213],[4.874191957082578,52.31223573252383],[4.874202645629343,52.31224478468163],[4.874205753476837,52.31224741361754],[4.874211063721938,52.31225107671689],[4.874222600664301,52.312259045024916],[4.874239455552051,52.31227013719365],[4.874238652670644,52.31227375760405],[4.874238718456986,52.31227402932173],[4.874246082873257,52.31230490568373],[4.874246664142796,52.31230498460093],[4.874250763750901,52.31230554344565],[4.874251288271035,52.312305711096194],[4.87427238227114,52.31231277442358],[4.874345181648152,52.312327605414936],[4.874370443734248,52.31232929679569],[4.874454479743238,52.31232615494126],[4.874458991271592,52.31231897524738],[4.874475985935815,52.312302583211775],[4.874503999475622,52.31228187084859],[4.874517170365262,52.31227659815202],[4.874529778179294,52.31227055904827],[4.874546590415529,52.31226107785116],[4.874556206401881,52.31225506172964],[4.874559455963262,52.31225303557571],[4.874576871110828,52.31224162909821],[4.874577139867621,52.312241467583206],[4.874598298754429,52.31222867073145],[4.874615602014544,52.3122190802033],[4.874639740020315,52.31220888474787],[4.874663209532544,52.312204772947716],[4.874663816409365,52.312204665925755],[4.874663988451883,52.31220462532715],[4.874664424773289,52.31220455711264],[4.874664561581384,52.31220451995656],[4.874665201935985,52.312204434650404],[4.874674397462795,52.312203211703455],[4.874679918489258,52.31220258850127],[4.874683586091737,52.31220220533252],[4.874684870609047,52.3122020859672],[4.874685435784636,52.31220203448898],[4.874686160908912,52.31220197381715],[4.874690351581451,52.312201629764566],[4.874693616049982,52.31220136169061],[4.874715196944458,52.31220041350171],[4.874756043467514,52.31219862212641],[4.874773151429486,52.31219782441952],[4.874814747456214,52.31219589246555],[4.874898926980256,52.312192742828685],[4.87490083356907,52.31219526857634],[4.874900943174385,52.3121955557627],[4.874907836835076,52.312213753612305],[4.874909027773623,52.31221361047085],[4.874918145427889,52.31221252737781],[4.87496265264467,52.31220739033718],[4.874969084269529,52.31220664523517],[4.874977575598654,52.31220570233178],[4.874986076777631,52.312204795421785],[4.874994587806483,52.3122039245051],[4.875005265170082,52.31220289219939],[4.875015957969214,52.312201920177955],[4.875026663281531,52.31220100752941],[4.87503738546476,52.31220015786775],[4.875048118694885,52.312199367572575],[4.87505886440725,52.3121986393465],[4.875069621176958,52.31219796958821],[4.875080387516961,52.31219736008879],[4.875091161960931,52.312196810841925],[4.875101944457124,52.31219632634126],[4.875112732124627,52.31219590208053],[4.875123526409141,52.3121955398634],[4.875141830057312,52.312195331488155],[4.8752130060794,52.312194516098835],[4.875234595023355,52.312194268001775],[4.875260774542576,52.312193967865554],[4.875329499957825,52.3121932945933],[4.875995953913238,52.31220109297938],[4.87602139331811,52.31220139166066],[4.876145128673149,52.312202959907594],[4.87620568400161,52.31220373381944],[4.876450020944368,52.31220648776629],[4.876467168715344,52.31220681705977],[4.876484312634493,52.31220722632575],[4.876501449758829,52.31220771645038],[4.876518583114152,52.312208279357655],[4.876535709685174,52.312208922224784],[4.876552826528907,52.31220964593788],[4.87656993080565,52.31221044239565],[4.876587025355286,52.31221131969938],[4.876604107265814,52.31221227603896],[4.876621182444127,52.31221330784477],[4.876638243558446,52.312214415085144],[4.876655292075225,52.31221559776641],[4.876672323523149,52.31221686216076],[4.876689337964264,52.31221820287579],[4.87670633686503,52.31221961991778],[4.876722347038433,52.31222106684429],[4.876738337324057,52.3122225855854],[4.8767543106444,52.31222417705251],[4.87677026127858,52.312225828638006],[4.87678619061044,52.312227547538086],[4.876802101552158,52.31222933556301],[4.876817998533892,52.31223119003543],[4.876833872736824,52.312233112714864],[4.876849724150699,52.31223510450018],[4.876865557267609,52.3122371573216],[4.876881364683498,52.312239277438735],[4.876897149320851,52.31224146576293],[4.876912903847873,52.312243722262636],[4.876928631207697,52.31224604605173],[4.876944332866768,52.31224843713649],[4.877132982479304,52.31227999809811],[4.877120750290537,52.31230572243654],[4.877119352834069,52.31230865453076],[4.877330665747833,52.312344654019945],[4.877332063201813,52.31234172102447],[4.877344595359877,52.31231540476113],[4.877377172674707,52.31224701390011],[4.877383435777612,52.31224817246084],[4.877383847127825,52.31224823535092],[4.877386324027361,52.31224861272933],[4.877387603463469,52.312248807886654],[4.87738776742938,52.31224883196167],[4.877387932871979,52.31224885514427],[4.877389216810339,52.31224904133315],[4.877391705719377,52.31224939449609],[4.877392115675415,52.312249451088675],[4.87739772367621,52.31225031921483],[4.877435646820434,52.312253827917516],[4.877531995777896,52.312262741977115],[4.877533161837686,52.31226284946247],[4.877533620359669,52.312262890984485],[4.87753524788451,52.31226303910574],[4.877549749125642,52.312264358083006],[4.877563562874218,52.312265142017274],[4.877577434386002,52.312265236832516],[4.877591272734751,52.31226464303586],[4.877604986963307,52.31226336383058],[4.877618487519069,52.31226140781871],[4.877631684808251,52.31225878719739],[4.877643038975831,52.312255253560984],[4.877653839850107,52.31225111895091],[4.87766400201003,52.312246415355645],[4.877673447304702,52.312241180187456],[4.877682312711914,52.312235233381294],[4.877690239212783,52.31222880797315],[4.877697160192002,52.312221958501986],[4.87770339306859,52.312211685300255],[4.877703461871751,52.312211567856075],[4.877750548200308,52.31213160913851],[4.877808935180069,52.3120298667384],[4.877956442010675,52.312055667768306],[4.877997203998179,52.311969092750026],[4.878027531022403,52.311906290538886],[4.878031853584635,52.31190006260617],[4.878036759381305,52.31189399806579],[4.878042227646288,52.311888117500374],[4.878048231758336,52.31188244056842],[4.878054764169257,52.31187698611184],[4.878061852235266,52.31187179828864],[4.878063190229695,52.311870849540476],[4.878064583616329,52.31186992979176],[4.878067368933355,52.311868089389264],[4.878068779792595,52.31186718050112],[4.878070289633309,52.311866335852514],[4.87808567437538,52.311857727918294],[4.878096978686583,52.31185149408094],[4.878106844618155,52.31184652313303],[4.87811722644161,52.311841961553085],[4.878128076976091,52.31183783160746],[4.878139356403511,52.31183415289794],[4.878151008806751,52.3118309422605],[4.878162984185672,52.31182821206297],[4.878175222255071,52.3118259764263],[4.878187677444867,52.311824245040874],[4.87820029100836,52.31182302574293],[4.878230356424939,52.31182066907832],[4.87826048420123,52.311818629045895],[4.878290664052757,52.311816907398814],[4.87832000835833,52.31181554166259],[4.878468563942304,52.31180862189407],[4.878548792648384,52.311806045866696],[4.878588017910245,52.311804795353744],[4.878627262120625,52.311803810948916],[4.878666522357793,52.311803091740806],[4.878861868674986,52.31180028233001],[4.878880110920028,52.31180029780841],[4.878914884086087,52.31179994391459],[4.878950772508022,52.31179952289984],[4.879182679167605,52.31179651951601],[4.879219508987944,52.31179610246273],[4.87941560341156,52.31179403684562],[4.879417118428934,52.31179401998082],[4.879642736650653,52.3117919423085],[4.879956282384769,52.31178868549362],[4.88022049140893,52.31178594441787],[4.88023605205552,52.31178578641309],[4.880273377180395,52.31178539811788],[4.880400033278144,52.31178408035296],[4.880992374317789,52.31177718847506],[4.881051757581691,52.31177653481482],[4.88129094762826,52.31177392516506],[4.881322201165163,52.31177358427146],[4.881329756752925,52.31177353749071],[4.881330387359403,52.31177353389604],[4.881330701201396,52.311773531643055],[4.881330990916579,52.31177358770775],[4.881336700355653,52.31177469246073],[4.881341279983585,52.311777143251824],[4.881341554001839,52.31177729002639],[4.881341695321248,52.311777500047036],[4.881343696763785,52.31178048357588],[4.881343843969117,52.311780691824126],[4.881343839904014,52.31178092009747],[4.88134368022419,52.31178811956048],[4.881361168688558,52.31178865272647],[4.881369216655365,52.31178889386155],[4.881394608599734,52.31178947879494],[4.88145041286561,52.311790193755535],[4.881468673184363,52.311791197572525],[4.88150170463258,52.31178539334419],[4.88150238201581,52.31178527400563],[4.881507515726079,52.31177872585325],[4.8815093428552,52.311777441215206],[4.881510286988271,52.31177681880008],[4.881513460081393,52.31177516692129],[4.881514556954841,52.31177465301297],[4.881518159815059,52.31177337866233],[4.881519325375894,52.31177301424547],[4.881523041856278,52.31177219336677],[4.881524296848367,52.31177195965565],[4.881528187560744,52.31177154936637],[4.881529489377861,52.311771453369055],[4.881530800518564,52.311771440099584],[4.881581423276428,52.31177091769431],[4.881592322524654,52.31177059578104],[4.881640366207257,52.31177029780771],[4.881704608406232,52.31177177672495],[4.881855460180784,52.31177306839916],[4.882159209256963,52.311776311520795],[4.882160814809207,52.31177632826235],[4.882162419574923,52.31177641420676],[4.882165623005993,52.31177660674146],[4.882168800038064,52.311776928588074],[4.882170381960603,52.31177708903382],[4.882171953240694,52.31177728268901],[4.882175086604389,52.3117777050126],[4.882176651825006,52.31177791571875],[4.882178200435598,52.311778168596746],[4.882181301841414,52.31177869324492],[4.882184335749371,52.31177935062465],[4.882185851242131,52.31177967885884],[4.882187335440845,52.31178005099975],[4.88219614010977,52.31178248384417],[4.882197603422125,52.311782887353196],[4.882199008637404,52.311783370605745],[4.882201786409772,52.31178437202393],[4.882203173834749,52.31178487227742],[4.882204507909011,52.31178542173612],[4.882212969519775,52.31178913747471],[4.882218624202058,52.311792223766325],[4.882223852001903,52.311795581465205],[4.88222861798197,52.31179918795261],[4.882232890147827,52.31180301972371],[4.882236639447939,52.3118070523874],[4.882238480266238,52.31180933596257],[4.882240137176744,52.311811672679525],[4.882241561748646,52.3118140659267],[4.882242042372702,52.31181487238865],[4.882242282669417,52.311815276967714],[4.882242489198962,52.31181568499773],[4.882242899274282,52.311816505538985],[4.882243303616937,52.31181731437159],[4.882243707959607,52.311818123204226],[4.882243978659107,52.31181894944197],[4.882244423695416,52.31182030670556],[4.882246362200286,52.31182780183764],[4.88227680369999,52.3118445952069],[4.882268516132369,52.31184491934377],[4.882269244676575,52.31186210717203],[4.882272985473094,52.31195103068829],[4.88227371132876,52.31196832635857],[4.882279427029803,52.31196875520827],[4.882279437246859,52.311969275646845],[4.88228004300207,52.31199856056047],[4.882280050127221,52.31199896594171],[4.882280060205535,52.31199936953798],[4.882280480250674,52.31201931620927],[4.882280521400067,52.312022147549214],[4.882280945191264,52.31204808821564],[4.882280658090664,52.312052705832414],[4.882280402429584,52.31205687958496],[4.88227927245,52.31207527732934],[4.882279240060638,52.312075804776306],[4.882279224250694,52.31207629274759],[4.882278969556554,52.31210451432344],[4.882285263445618,52.31236224363788],[4.8822927521877,52.312628653084886],[4.882294731193371,52.31269195377449],[4.882294340118253,52.31270572144847],[4.88229355108179,52.31273424992124],[4.882296258864135,52.31276335595704],[4.882296487057447,52.312763793739215],[4.882297245289888,52.31276520716482],[4.882298003522379,52.312766620590395],[4.882300298378246,52.31277037740843],[4.882302840262581,52.312774075961116],[4.882305619002595,52.31277770811609],[4.882379435730889,52.31282462501538],[4.882399309632937,52.31282562658542],[4.882422310707009,52.312826569594016],[4.882445333223975,52.312827303273345],[4.882468371338351,52.31282782580097],[4.88246862644006,52.31282783138335],[4.882468884464352,52.312827837877],[4.882473471967423,52.31282793204998],[4.88247806106962,52.31282801454546],[4.882482650304548,52.31282808535716],[4.882500976960518,52.31282832353382],[4.882519307825459,52.312828449377854],[4.88253763848984,52.31282846376922]]]},"id":22},{"type":"Feature","properties":{"fid":25,"buurtcode":"BU03620901","buurtnaam":"Langerhuize","wijkcode":"WK036209","gemeentecode":"GM0362","gemeentenaam":"Amstelveen","wijknaam":"Groenelaan","id_kv":29},"geometry":{"type":"Polygon","coordinates":[[[4.869596088131367,52.29853522489149],[4.8695967702443,52.29853506250038],[4.869596912846776,52.29853502807186],[4.869597452420017,52.2985348947168],[4.869607363275449,52.29853244036848],[4.869609026108638,52.29853202881204],[4.869606444795439,52.298528351368915],[4.869683903903325,52.2985098149598],[4.869937578457099,52.29845058030574],[4.870239064755829,52.29838083160676],[4.87042854914267,52.29833877869201],[4.870612579906575,52.29829796893979],[4.870805034568374,52.29825886742588],[4.870951492378324,52.29822807631775],[4.871060809854423,52.29820670399373],[4.871267457736056,52.298163529259206],[4.871455396533818,52.29812817289886],[4.871650462126355,52.29809007904997],[4.871848813170049,52.2980530777394],[4.871956468684964,52.297975307553024],[4.871958534832657,52.29797285388283],[4.87196786933993,52.2979617954501],[4.872474822407532,52.29785753288354],[4.87283635614594,52.297783176484536],[4.873165636767331,52.29771901392924],[4.873170274145709,52.297733802027686],[4.873197631058778,52.29772983145882],[4.873523240516795,52.29768262191934],[4.873701561049069,52.297655947424396],[4.874122836752544,52.29759959839519],[4.874123033586502,52.29759956419654],[4.874223381304322,52.297581820678694],[4.874223657482888,52.29758177064593],[4.874347614889569,52.297560431827804],[4.874455770538938,52.29753286769069],[4.874531617703983,52.297506322834195],[4.874633933887731,52.29747903880714],[4.874713167638071,52.29746504656724],[4.87473627193447,52.297461165068476],[4.875006311391378,52.29741579582009],[4.875297797597748,52.297367849399336],[4.875584568244129,52.29732197692972],[4.875879021573346,52.2972772326026],[4.876167062621405,52.2972342394296],[4.876463921608265,52.297191813921785],[4.876760367216747,52.2971508688814],[4.877053046348935,52.29711234255937],[4.877363084182202,52.297071050189295],[4.877655271631054,52.297033122445285],[4.877940099019031,52.296996519452144],[4.878222920784128,52.296959637506546],[4.878517481201522,52.296922382949084],[4.878518002205494,52.29692335587808],[4.878529687009864,52.29694528256838],[4.878511464218676,52.29694807131084],[4.878514993446093,52.29696069285186],[4.878926741268603,52.29690649047194],[4.879317509050435,52.296855877985514],[4.879465141151549,52.296836858178544],[4.879360827442258,52.29664813007305],[4.879155115576194,52.296275922405634],[4.878998726534023,52.29619041321719],[4.878923062850498,52.296050048309446],[4.878842763231251,52.2959010719311],[4.878537738402829,52.29538207794054],[4.878271449630604,52.29493090138537],[4.878258518157647,52.294909346783825],[4.878192155528623,52.29479689272834],[4.878187243275826,52.29479037336528],[4.878181385027372,52.2947841546184],[4.878174628578643,52.294778287025316],[4.878167031995809,52.294772820268975],[4.878158657793781,52.294767799557654],[4.87814783869936,52.29476263530113],[4.8781470572713,52.29476226163771],[4.87814052798605,52.29476075143399],[4.878136555694835,52.294760476383],[4.878135567633646,52.2947604820163],[4.878134581027966,52.29476048855468],[4.878130612122913,52.294760813906805],[4.878129626128856,52.29476089504695],[4.878128711664914,52.29476113018733],[4.878125017050886,52.29476208047718],[4.87812409390531,52.29476230569357],[4.878010318778622,52.29454384327911],[4.878011008849165,52.29454361795886],[4.878015165488618,52.29454225801815],[4.878018517748179,52.29454022501858],[4.878019089013369,52.294539877850674],[4.878019432572454,52.29453944611534],[4.878021602992341,52.29453680404304],[4.878021959764078,52.29453637056695],[4.878022066462011,52.29453588568217],[4.878022712687705,52.29453296111995],[4.878022091965886,52.29453007514314],[4.878000665173463,52.29449643930657],[4.877969042751229,52.29444429940473],[4.877790908772685,52.29415284784304],[4.877746109697745,52.29407364350402],[4.877705762538097,52.29399354516086],[4.877669914560967,52.29391264739432],[4.877656675768227,52.29388125149074],[4.877653316468455,52.29387891365489],[4.877652903455321,52.29387862696021],[4.877652329148885,52.293878472590805],[4.87764767325887,52.29387722658532],[4.87764260814536,52.29387702590169],[4.877641347473793,52.293877157983715],[4.877569515895783,52.29388465799091],[4.877562714703457,52.293860334502156],[4.877537149896643,52.293771001863774],[4.877469339636659,52.29352813629902],[4.877428850688212,52.2933850638106],[4.877409918533868,52.29331816645781],[4.877354400278009,52.29317310574332],[4.877327724516762,52.29310517733524],[4.877311371380001,52.29306892170517],[4.877302260972955,52.2930504213603],[4.877292620102986,52.29303088512353],[4.877240048878062,52.29292416128417],[4.877195790121895,52.2928365095549],[4.877145474496524,52.29274403216556],[4.877089899942509,52.29264617530271],[4.877018914095584,52.29251588484161],[4.877286430257655,52.29246109915093],[4.877276564831057,52.29244211110022],[4.877265757834452,52.29242329784671],[4.877258442761742,52.29241058443166],[4.87725203408835,52.2923993579217],[4.87724900561945,52.29239515292387],[4.877245359332472,52.29239113850069],[4.877241118297649,52.292387348006635],[4.877175003108178,52.29232798566447],[4.877170639860317,52.29232398881864],[4.877166933127553,52.29231975033451],[4.877163922040801,52.29231530902865],[4.877143613216312,52.29227764318887],[4.877142310917773,52.292275274663176],[4.877141713179551,52.292274098270404],[4.877141217142834,52.29227287288304],[4.877140237961927,52.29227044822875],[4.877096437685255,52.29219005162979],[4.877093112820647,52.2921858759079],[4.877086459864393,52.29217857243444],[4.877078739545946,52.292171676000116],[4.877070018628409,52.292165244415145],[4.877060368313119,52.29215933191353],[4.877049871568214,52.292153989185046],[4.87704107587219,52.292150115220394],[4.877031746715478,52.29214674497012],[4.877021958539796,52.29214390571893],[4.877011788749146,52.292141622067795],[4.87700132508995,52.29213991147218],[4.876987610143091,52.29213821650753],[4.876855309070252,52.29212667142668],[4.876858018288473,52.29211169136723],[4.876857290667564,52.29210548570432],[4.87685677445242,52.29210129423458],[4.876854533385291,52.29209221760877],[4.876852266140867,52.29208772018497],[4.876849349392307,52.29208336466261],[4.876845809099581,52.29207918800381],[4.876841674226251,52.292075220892315],[4.876836978091708,52.29207149762572],[4.876831755542901,52.29206804711549],[4.876826051707338,52.292064896519925],[4.876819910257089,52.29206207209222],[4.876813380778592,52.29205959561722],[4.876806515799989,52.292057487993645],[4.876797831787251,52.292055891117926],[4.876788944209227,52.292054789492774],[4.87677993066565,52.29205419064348],[4.876770864390073,52.292054099380024],[4.87676182303379,52.292054518733934],[4.876752882895886,52.2920554418443],[4.876744118789125,52.29205686364132],[4.876735602677421,52.29205877185274],[4.876697840553298,52.29206431882485],[4.876697588007618,52.29206435638236],[4.876697339838422,52.29206439575639],[4.876632263673792,52.29207472227292],[4.876578047128917,52.29208737496848],[4.876571772125716,52.29207805712042],[4.876543312769868,52.29203579104385],[4.876537078123576,52.292020408359434],[4.876345243239484,52.291481495372174],[4.876310609426555,52.29135246878848],[4.876303301215619,52.29132006293345],[4.876301009207238,52.29131453987607],[4.876286998184165,52.29131784349772],[4.875752834747147,52.29144378219484],[4.875743216263987,52.29144519752593],[4.875714125918141,52.29144947575362],[4.875622531882756,52.29119750026449],[4.875612904513975,52.291193450026924],[4.8756092577901,52.29119191530115],[4.87560655109129,52.29118524358444],[4.875578102039462,52.291188832487386],[4.875490412217479,52.29119988561718],[4.875495432894139,52.291213217469796],[4.87549542629159,52.29124690485085],[4.875500524416721,52.29125860214602],[4.87551744739493,52.29129737621421],[4.875516257928739,52.29130138864197],[4.875505020167318,52.291339071062815],[4.875436925595348,52.29135535899029],[4.875255948173256,52.29139866108699],[4.874558505333984,52.29156550120323],[4.874343301772812,52.29161632017111],[4.874191077492922,52.291652268338],[4.87388970150865,52.2917234377218],[4.873887258286175,52.291749572810154],[4.873858253822218,52.29176707300038],[4.873534271825439,52.29184226068313],[4.873533021097713,52.29184255095086],[4.873531773290989,52.29184284213004],[4.873527658113828,52.29184379494338],[4.873491603104725,52.29184467282122],[4.873464778005531,52.2918389604405],[4.873444200794466,52.29183457843868],[4.87344341122686,52.291834409631626],[4.873442380410573,52.2918341885456],[4.873440558529855,52.291833801342364],[4.873407147766537,52.29182668968675],[4.873362449010089,52.291817175050966],[4.873353831746313,52.29181641228537],[4.873345153446166,52.29181598450125],[4.873336446334087,52.291815893636176],[4.873328386305424,52.29181612465159],[4.873320358254126,52.29181663263159],[4.873312402762592,52.29181745729913],[4.873310481761401,52.29181765657061],[4.873189582635136,52.29184585812072],[4.873110121121424,52.291865034332574],[4.87281908504325,52.291935267166934],[4.872789364073451,52.291942436025245],[4.871559527656022,52.292236051965176],[4.871423884061148,52.29226886829892],[4.87142318826038,52.29228828803774],[4.871405714603719,52.2923073649596],[4.870915438909345,52.292422202493725],[4.870913629598884,52.29242262601178],[4.870875657706804,52.29241332855131],[4.870866611576597,52.29240998241765],[4.870865514361091,52.292409420379244],[4.870833137093369,52.29239283121195],[4.870813419149148,52.29237920938545],[4.870806250256656,52.29237426171827],[4.87078191067447,52.29234713790802],[4.870688847401339,52.29223233391858],[4.870425054704159,52.29191535682475],[4.870421181883782,52.29191071114932],[4.870441809704909,52.29184854235353],[4.870434682806691,52.29183116462889],[4.870343296775062,52.29169316910028],[4.870165750927207,52.29173590319612],[4.870091932189309,52.29175502116427],[4.870083230602996,52.29175836344832],[4.870096533200807,52.29177140908619],[4.870119333337734,52.29180732543141],[4.870249543214724,52.2920124944966],[4.870261170889501,52.29203231863084],[4.870267109627527,52.29204447371578],[4.87027121432493,52.29205691109101],[4.870273446607793,52.29206952722855],[4.870275769980415,52.292077712746845],[4.870279191469771,52.292085751170426],[4.870283691193886,52.29209358758637],[4.870349553023073,52.2921978830423],[4.870402093760991,52.29228051431457],[4.870444243999842,52.29234748104551],[4.870217636743439,52.29240183513623],[4.870182754700997,52.29241020222784],[4.870116844648193,52.29242601130479],[4.870081537689074,52.29243448705928],[4.870108214338777,52.292445899661736],[4.870128110947689,52.2924832143977],[4.870141727287002,52.292504593149985],[4.869540109919448,52.29263401973496],[4.869534697431464,52.292635846642426],[4.869529557307984,52.29263794887189],[4.86952472638048,52.29264031040636],[4.869520238559461,52.2926429143175],[4.869516129242117,52.29264574188568],[4.869512425041762,52.292648773454204],[4.869509152603143,52.29265198667011],[4.869506335639571,52.29265535916753],[4.869503996440506,52.29265886497931],[4.869502151411599,52.29266247991008],[4.869500464198478,52.292668025226185],[4.869499517921098,52.292673635802274],[4.869499317405982,52.29267927480929],[4.86950305790732,52.29269288982354],[4.8695203099755,52.29275587141167],[4.869622563347246,52.29310097661971],[4.869623051825553,52.293109004021034],[4.869622312053739,52.29311702245132],[4.869620350678817,52.29312496453068],[4.869617184660337,52.29313275843034],[4.869612841165792,52.29314033686019],[4.869608512482845,52.29314488015319],[4.86960354032534,52.29314916986818],[4.869597964686778,52.29315317022861],[4.869591829905637,52.29315684997099],[4.86958518469675,52.293160179648545],[4.869578083606591,52.29316313253633],[4.869570579663633,52.29316568639672],[4.869331741775427,52.29322334941643],[4.86927694182893,52.29323658222517],[4.868892488852266,52.29332940516965],[4.868868571119664,52.29333517839817],[4.868837600900204,52.2933424944825],[4.868816011085255,52.29334762179072],[4.868808541091687,52.29334939470633],[4.868545577703292,52.29341186674123],[4.867571826303505,52.293645356863856],[4.866996699434545,52.293782472704876],[4.866938954942863,52.293797938445536],[4.866670669711437,52.29386979320076],[4.866711593874993,52.293917555983164],[4.866724724290037,52.29393288415572],[4.866737161810384,52.293944793888905],[4.866750424271545,52.293956356724706],[4.866767330123072,52.29396973316615],[4.866770902987745,52.29397256209148],[4.866778007845462,52.2939778296886],[4.86678533688013,52.29398298053084],[4.866792885747061,52.29398801010508],[4.866806074526351,52.293995851634634],[4.866834630055887,52.29401080816714],[4.866848834975825,52.29401824881057],[4.867570130583486,52.29437098544816],[4.867574299125212,52.294372897507884],[4.867578454338687,52.294374821193074],[4.867582596223912,52.294376756503794],[4.867593845911671,52.29438209079785],[4.867604996480768,52.29438750284972],[4.867616047941734,52.29439299176068],[4.867660501405108,52.294416088142974],[4.867690094384562,52.29443262998882],[4.867718697853307,52.29444980561852],[4.867740434243434,52.29446380532468],[4.86781940613538,52.29451725248703],[4.867839156466982,52.294530614301486],[4.867865275112312,52.29455471761164],[4.867852586008262,52.294560664878276],[4.867835974689973,52.29456845630405],[4.86773869762211,52.294613813205494],[4.867734054860888,52.294615976861664],[4.867548594172082,52.29470244316688],[4.867501856646474,52.294724240065655],[4.867476120291764,52.294735155066434],[4.867439459648397,52.2947463725742],[4.867322953786411,52.294833986436174],[4.867313423805821,52.29484542203989],[4.867304929976711,52.29485349174992],[4.867261630123181,52.29489091558322],[4.867148303773179,52.294841874722465],[4.867137617680823,52.29483685114887],[4.867127101745271,52.29483169260591],[4.867116763253505,52.29482640272083],[4.867085523065228,52.294810320856975],[4.867029632866368,52.294782455326946],[4.86701103294268,52.29477313938078],[4.866992725778378,52.294763609010815],[4.86697471868148,52.29475386604689],[4.866929375022995,52.29472792532721],[4.866914640066081,52.29471903441859],[4.86690014873821,52.29470999358391],[4.866885906860477,52.29470080644402],[4.866869924847396,52.29469012954722],[4.866854273325623,52.29467927075008],[4.866838955174096,52.29466823455923],[4.86682703961622,52.294659301219646],[4.866794068394889,52.29463458421101],[4.866764992681781,52.294611438338315],[4.866735448337187,52.29458713006262],[4.866732878143194,52.29458755106695],[4.866781145880649,52.29466421335388],[4.866787046323545,52.29467357770953],[4.86682615602358,52.294734789983785],[4.866944208496136,52.29491954979256],[4.866990418354652,52.29499187078416],[4.866996507231024,52.2950014247025],[4.867214150352804,52.29534322857061],[4.867219477689873,52.295351600819394],[4.867293465127696,52.29546909187697],[4.867403396373013,52.29557533528417],[4.867412009152127,52.29559220740388],[4.867424286492428,52.29561147831157],[4.867698272864502,52.29604104364896],[4.867723335888252,52.296085302112814],[4.867872398173406,52.29637197745103],[4.867917893376427,52.29645541289376],[4.867962954990356,52.29652703726593],[4.868005787847813,52.29659369952458],[4.868013191285292,52.29660746547534],[4.868079637097879,52.296711954309586],[4.868112791636547,52.29676271945939],[4.868180450025736,52.29687024066538],[4.868186868903519,52.29688045207938],[4.868198505267379,52.29689692486292],[4.868205066783555,52.29690622014031],[4.868424162899007,52.297250724333026],[4.868430295109437,52.29726038621588],[4.868648905217257,52.297604123858314],[4.86865505239366,52.29761376781845],[4.868799867168889,52.297841480886795],[4.868873982390577,52.29795802770907],[4.868880100765673,52.29796763557896],[4.869036167024535,52.29821302283148],[4.869065378608809,52.29825877316948],[4.869176705026055,52.29843368815931],[4.869252458813124,52.298552704574476],[4.869285570614584,52.298604727481674],[4.869287694045466,52.29860806767964],[4.869596088131367,52.29853522489149]]]},"id":25},{"type":"Feature","properties":{"fid":27,"buurtcode":"BU03620101","buurtnaam":"Randwijck West","wijkcode":"WK036201","gemeentecode":"GM0362","gemeentenaam":"Amstelveen","wijknaam":"Randwijck","id_kv":31},"geometry":{"type":"Polygon","coordinates":[[[4.861062253296689,52.32179465868252],[4.861485554878102,52.32180265576083],[4.861485815872948,52.32179919301517],[4.861486055777021,52.321795033619885],[4.861488222122552,52.32175822914003],[4.861490716921965,52.32171597950109],[4.861495118471185,52.32164150801524],[4.861498673585401,52.32159146165973],[4.861514097284005,52.321544919364214],[4.861551535139119,52.32147001944385],[4.861560921249113,52.32145275959472],[4.861567280639696,52.321442137283555],[4.861575659810863,52.321428162501334],[4.86160171328264,52.32138468822631],[4.86160468784461,52.321379730278416],[4.86161000949159,52.32136879776868],[4.861615583909717,52.32135137717585],[4.861616114804868,52.321347415906004],[4.861619127568557,52.321324600228586],[4.861617019783093,52.32125729007076],[4.861547868886576,52.320377929051425],[4.861540095012734,52.32027903746221],[4.861536140512899,52.32022873302947],[4.861512021107857,52.31992190744657],[4.861508336968375,52.31987503755868],[4.861507163366503,52.31986018446127],[4.861491627816512,52.31968321710526],[4.861492374259854,52.31967591332249],[4.861490669921341,52.31964889734184],[4.861488327123562,52.31961634202507],[4.861487593678373,52.3196076745047],[4.861461374921684,52.31926637124082],[4.861447916838969,52.319084919177946],[4.861447155673535,52.319076116715806],[4.861446193739499,52.319062219062936],[4.861446171318653,52.31906188281868],[4.861446362797614,52.319061566399476],[4.861447913982139,52.31905901086469],[4.861458542446094,52.31905174290924],[4.861458963797713,52.319051459867744],[4.861461800247782,52.31904812181244],[4.86146177719136,52.3190452366186],[4.861461741512186,52.31904205477042],[4.861460408452345,52.31902456752905],[4.861453932868356,52.318937213054575],[4.861453583530677,52.3189283126576],[4.861453577942003,52.31892816523245],[4.861453566508231,52.318928015983744],[4.861420054205722,52.318489720496366],[4.861386180231398,52.31804672092223],[4.861386156238559,52.31804639365876],[4.861386122001048,52.31804606455214],[4.861385906364581,52.31804396134133],[4.86138516401572,52.3180372890752],[4.861383760443291,52.3180262601674],[4.861380994467747,52.31802389665804],[4.861348493952406,52.318005291201125],[4.861345194639906,52.3180011493258],[4.861344962349684,52.31800020547034],[4.861340105913819,52.31798053739477],[4.861329777470087,52.3179386891054],[4.861323407386489,52.3179130814365],[4.861319039290908,52.317894286450816],[4.861317027553579,52.31788581996381],[4.861313140524077,52.31786975042753],[4.861307870735835,52.31781562028912],[4.861285017832895,52.31754947903987],[4.861260472940946,52.31726374487555],[4.861260409528202,52.31726303096018],[4.861260284488967,52.31726231946717],[4.86125889456417,52.31725435456691],[4.86125631537238,52.31724650032225],[4.861252631292415,52.31723881463028],[4.861205341020055,52.317158855380626],[4.861201933220172,52.317153105994514],[4.861200308703064,52.317150339508316],[4.861195017306621,52.31714140904379],[4.861190184883372,52.31713322840701],[4.861190066989873,52.317133028353],[4.861114761228409,52.31700530900524],[4.861033494968862,52.316869348219214],[4.861030374451213,52.31686411241171],[4.861012110536218,52.31683355345078],[4.861003450136383,52.316815113250065],[4.860995615610991,52.31679653471458],[4.860988615587896,52.31677783226336],[4.860982441107306,52.316759019338456],[4.860977109596142,52.31674011039809],[4.86097262674912,52.31672111984816],[4.86097146288086,52.316715496379544],[4.86097037093621,52.31670986783809],[4.860969350904492,52.31670423512267],[4.860964256842658,52.316663794199],[4.8609629569523,52.316653434438436],[4.860962451855948,52.3166428355421],[4.86096198442445,52.31663524773571],[4.860961454205975,52.31662676985502],[4.860953664574767,52.31649804567877],[4.860916731780763,52.31649888441785],[4.860915345465836,52.31648059341201],[4.860914939526042,52.316475243848046],[4.860909887936491,52.316410176458504],[4.860902424186127,52.316319698732045],[4.860865044451006,52.315782123146136],[4.860796961074713,52.31491115107629],[4.86079246605174,52.3148535999647],[4.860764434682888,52.314529805424534],[4.860745025861875,52.31427292769272],[4.860725506730315,52.31398861948585],[4.860725453002463,52.31398783191257],[4.860725419518308,52.313987439894],[4.860725342019973,52.31398704947715],[4.860725185578177,52.31398626683941],[4.860725030581521,52.31398548600569],[4.860724875563569,52.313984706969386],[4.860724617778437,52.31398393736236],[4.860724358580129,52.31398316325511],[4.860724097915404,52.31398238914134],[4.86072396314116,52.31398200565983],[4.860723772568066,52.313981628221434],[4.860723394290851,52.31398087875018],[4.860723016024298,52.31398012838014],[4.860722637747109,52.313979378908826],[4.860722258046101,52.3139786258361],[4.86072206040712,52.31397822589666],[4.860721819464311,52.31397789137573],[4.86072130300206,52.31397717005048],[4.860720055093931,52.31397542984465],[4.860719431873117,52.313974559744985],[4.86071911135233,52.31397413409272],[4.860718720229976,52.3139737261019],[4.860717942384578,52.313972910139874],[4.860717161617,52.313972093266],[4.8607164243205,52.31397132062599],[4.860716049020085,52.31397093877029],[4.860715600025508,52.31397058804403],[4.86071076124689,52.31396681678391],[4.860710258250125,52.313966444246454],[4.860706087849156,52.31392297490461],[4.860706930846746,52.3139220052743],[4.860707488392591,52.31392136332819],[4.860707952264927,52.31392082971793],[4.860708170737014,52.31392058532246],[4.860708364940098,52.313920285094426],[4.860708729414852,52.31391972407827],[4.860710178419369,52.313917488063105],[4.860710542883429,52.31391692794568],[4.860710726512661,52.313916653735276],[4.860704960650967,52.31376179107374],[4.860688897036349,52.313527110155306],[4.860678663599275,52.31341797926568],[4.860678951965087,52.31341542530801],[4.860678903109731,52.31341286535543],[4.860678521230144,52.31341031650349],[4.860677803212519,52.31340779401763],[4.86067676057519,52.31340531592486],[4.860675385794464,52.31340289836968],[4.860673697742021,52.31340055761428],[4.860671706501715,52.31339830898277],[4.86066942071229,52.31339616599531],[4.860666860711811,52.31339414492062],[4.860664042534947,52.31339225391906],[4.860660985053329,52.31339050925274],[4.860657705725412,52.31338892268346],[4.860654227907238,52.31338750330307],[4.860650573467124,52.313386261994246],[4.86064604495133,52.31338502488359],[4.860641341596146,52.31338406292093],[4.86063650876434,52.31338338439732],[4.860631590203131,52.31338301017946],[4.860631071445686,52.313382978210356],[4.860630551115327,52.31338295522208],[4.860546975548226,52.31337928462182],[4.860484682240815,52.31337655358478],[4.860427371495697,52.313375354659485],[4.86004175134655,52.31339329317871],[4.859274962610432,52.31341483004587],[4.858448393746265,52.31343804151001],[4.858432726382865,52.313438483783486],[4.856974930052536,52.313479351206745],[4.856956504733764,52.3134798708008],[4.856924582955072,52.31348078827017],[4.856598072900696,52.31347173210788],[4.856500449826,52.3134742125218],[4.856484798168965,52.31347456472935],[4.856339869566439,52.31347786007284],[4.856217817611084,52.3134812040026],[4.855824153321707,52.31349110248041],[4.855824962560852,52.313504245434466],[4.855519510942369,52.313511277441684],[4.855510652383553,52.31351147939761],[4.85548631511937,52.31352931871533],[4.855481544672478,52.31353213293476],[4.855282640025499,52.31353727042464],[4.855279852434252,52.313536272822674],[4.855244055452738,52.3135091941742],[4.855243640404275,52.3135057670429],[4.85524360299232,52.31350546218698],[4.855148569666372,52.313508180523726],[4.854948889498938,52.31351452642314],[4.854655371044181,52.31352065628237],[4.854570694135045,52.31352201867647],[4.854558224612902,52.31352201375966],[4.854545755844947,52.31352194593009],[4.854533286375592,52.313521814282375],[4.854520820690325,52.313521611646514],[4.854508358692235,52.313521346111],[4.854495900392148,52.31352101677726],[4.854483444334483,52.313520622739844],[4.854470994907755,52.313520164917314],[4.854458550634826,52.31351964420184],[4.854446118944799,52.313519052537785],[4.854433695352286,52.313518397095265],[4.854421281312977,52.3135176787796],[4.85440887832566,52.31351689490114],[4.854396486358068,52.31351604815624],[4.85438410687666,52.31351513855134],[4.854371738512073,52.313514157991314],[4.854359382644561,52.3135131136727],[4.854347043684182,52.31351200471645],[4.854345895191646,52.31351190157552],[4.854345630040444,52.31351187791148],[4.854344745297364,52.31351179303553],[4.854334210402767,52.31351078298174],[4.85433319235632,52.313510685820994],[4.854321654748246,52.31350952294983],[4.854310130974437,52.31350830711162],[4.854297859589238,52.31350694409882],[4.854285606577848,52.313505516455145],[4.854273373395952,52.31350402508587],[4.85427207222406,52.31350381340229],[4.854252262076232,52.3135005775089],[4.854250552681102,52.31350028848803],[4.854249661404095,52.313500137071884],[4.854248598944969,52.313499952528254],[4.854246122853244,52.31349951804516],[4.85424494333991,52.31349931140334],[4.854241295261058,52.313498654134065],[4.854240020722057,52.31349842279691],[4.854239473448243,52.31349832326249],[4.854239182246734,52.31349827071979],[4.854237656131712,52.313497984322076],[4.854234021531073,52.313497303744946],[4.854232514490252,52.31349701653432],[4.854232207222912,52.3134969585265],[4.854231414195631,52.31349680755291],[4.854230394424309,52.31349660971971],[4.85422677034751,52.31349590761896],[4.854225377525204,52.3134956344046],[4.854224960557283,52.31349555253416],[4.854224451410246,52.31349545317148],[4.854223150810208,52.31349519385436],[4.854220486726952,52.313494660556294],[4.854219537257253,52.31349447023],[4.854218576131733,52.31349427355972],[4.854215928319267,52.313493728650634],[4.854214472775589,52.31349342729127],[4.854214126076888,52.313493355624026],[4.854212326853609,52.31349297542069],[4.854208729873555,52.31349221502051],[4.854207278815457,52.31349190649098],[4.854206935071166,52.313491833039436],[4.854206705415907,52.31349178436912],[4.85420514476507,52.313491442989545],[4.854201565640948,52.31349066109882],[4.854200108879019,52.31349033906174],[4.854199778332455,52.313490265669685],[4.854197991023995,52.31348987024044],[4.854188520643498,52.313487773846724],[4.854179098105481,52.31348560127115],[4.854169720466386,52.313483353399334],[4.854160386216713,52.31348103381958],[4.854151102720904,52.31347863986875],[4.854141869968214,52.313476172445576],[4.85413269086994,52.31347363336076],[4.854123565436897,52.31347102171557],[4.854114496601941,52.31346833752329],[4.854105478413205,52.313465587947256],[4.854096522699048,52.313462764951915],[4.854087629481071,52.313459866739656],[4.85407880160586,52.31345690051363],[4.854070033186233,52.31345386804491],[4.854061327155038,52.31345076934675],[4.854049927008258,52.31344634088809],[4.854036237926331,52.313447513219],[4.854022682372148,52.313449167898256],[4.854009304423873,52.31345129793442],[4.853996160947553,52.31345393054729],[4.853983297746643,52.31345703718246],[4.853970757486909,52.31346060634802],[4.853963521626633,52.3134627002525],[4.853956362363715,52.31346488797533],[4.853949282630944,52.31346716952981],[4.853939160413145,52.313470632750615],[4.853929223542945,52.31347429274099],[4.853919483816267,52.313478144161515],[4.853903457157129,52.31348505725636],[4.853888049121927,52.31349247825461],[4.853873301007302,52.31350038756945],[4.853867100962281,52.31350427381915],[4.853861547839093,52.313508509915856],[4.85385669489252,52.31351305745214],[4.85385258957649,52.31351787260148],[4.85384926763526,52.31352290968732],[4.853846761901909,52.31352812122216],[4.853845106665174,52.31353346062386],[4.853844298194977,52.31353887215106],[4.853844338551381,52.313544306379946],[4.853845017969047,52.313548668544826],[4.853846247863748,52.3135529855562],[4.853848100575382,52.313557217294886],[4.85384854733999,52.31355823763136],[4.853849104333786,52.31355923779277],[4.853849661316819,52.313560238852894],[4.853852549791326,52.313564557949704],[4.853856023916596,52.31356871161444],[4.853860132796427,52.313572640748696],[4.853861127397054,52.313573591652414],[4.853862233466793,52.31357454126115],[4.853883206900441,52.31359253150678],[4.853885276998993,52.313591481173745],[4.853886165239199,52.31359103039379],[4.853898505937977,52.31360201434347],[4.85387009474157,52.313615519902434],[4.853869438410865,52.31361583151759],[4.853868782166453,52.31361613594289],[4.853811213460204,52.31364081043173],[4.853839894269767,52.31366287726885],[4.853834961222582,52.313665788656465],[4.853834768636423,52.31366582823337],[4.853795865536638,52.31367363581301],[4.853796072106409,52.313673775157206],[4.853849295436984,52.313709591701866],[4.853834684259402,52.31371378336072],[4.85383846326078,52.31371929466521],[4.853881885396858,52.31374905773332],[4.853916679304885,52.31377290563906],[4.853922106731522,52.31378500976088],[4.853937348746479,52.31380034970869],[4.854027935402533,52.31386871508346],[4.854108115671642,52.31393295301187],[4.854192352049531,52.31400872258017],[4.854240572438387,52.31405382510415],[4.854291824751599,52.314093135124104],[4.854420761600617,52.31420677391755],[4.854525322708819,52.314310865574996],[4.854642104061856,52.31443557632216],[4.854646085327849,52.31444233422422],[4.854647819305969,52.31445305553118],[4.854644803580071,52.314459953600235],[4.854641137203613,52.314464853440356],[4.854641197429837,52.314475612151185],[4.854661099773561,52.31450361886831],[4.854769457905145,52.31462505594077],[4.854842377573279,52.31470918670566],[4.854887614331204,52.314769644726255],[4.854970315957535,52.314866042882095],[4.854979460534678,52.314864268482765],[4.855018343933985,52.3149274751065],[4.85512870897549,52.31516193389438],[4.855195448541307,52.3153152780066],[4.855230520898692,52.315399076516776],[4.855272792381344,52.315397522964645],[4.855279874174701,52.315414811450026],[4.855289413324642,52.31543753963617],[4.855304022876331,52.31547235319178],[4.855304085626058,52.315472501773144],[4.855304142520633,52.31547264942945],[4.855311043519115,52.31549034155222],[4.855317885136289,52.3155252451092],[4.855325903006317,52.31556602390828],[4.855334560307021,52.31558156594711],[4.855653466394841,52.316376911698434],[4.85565305522443,52.31637695568884],[4.855568839435245,52.31636776467711],[4.855567767296435,52.31636764751092],[4.855558317173005,52.31647226834483],[4.855556373976921,52.316493713566615],[4.85556342831475,52.31649371021726],[4.855563690285799,52.316517042907364],[4.855551710768801,52.31652810701748],[4.855571739959826,52.31658828967451],[4.85556197106778,52.316590978971924],[4.855673150715886,52.31690258337007],[4.855796673585728,52.31715961415469],[4.855890206768926,52.31745210281023],[4.855966622745688,52.3176712367317],[4.856037475916073,52.31787974896457],[4.856052779217272,52.31797000155263],[4.856131480523488,52.31820421998703],[4.856189593442182,52.31847012330786],[4.856208863386207,52.31863716769382],[4.856250561287536,52.318925495608546],[4.85626192419149,52.31901049056044],[4.856271703451065,52.319156820320714],[4.856298018524551,52.31990878804927],[4.85632217428717,52.32083304615047],[4.856358872626347,52.3208293074126],[4.856402311236998,52.320827479158],[4.856402488609803,52.320848232838934],[4.856417480922662,52.32096834147673],[4.856445218581569,52.321062730212745],[4.856458611810383,52.321589234048524],[4.856458740235998,52.32159432173215],[4.856486734272661,52.321594978495426],[4.856484864290218,52.32162627379333],[4.856485222804001,52.32169079897782],[4.856487270434569,52.321720629757465],[4.856466416309744,52.32172293685276],[4.856466754138042,52.321742539909664],[4.856466458079639,52.32176486433171],[4.856568916061476,52.321766941732335],[4.856568337651806,52.32172449864216],[4.856566492277474,52.32159042800865],[4.85656609560746,52.32156224041845],[4.856725435264005,52.321555611942436],[4.85674718345894,52.32155470282165],[4.856754885812512,52.32141328700746],[4.856848714481928,52.321414471633744],[4.856961863620183,52.32141660561122],[4.857056579894921,52.321418387246965],[4.857057577018735,52.3214184096909],[4.857274299680984,52.321422490441016],[4.857495802885576,52.321426664101054],[4.857613791256782,52.3214288910244],[4.857626281571821,52.32158445422902],[4.857630329563323,52.321634920991926],[4.857640877032706,52.321670479087814],[4.857650437709109,52.321689153636754],[4.857664413807213,52.32170163736356],[4.857683582616958,52.32171409040346],[4.857687750560397,52.32171512468215],[4.857698218710309,52.321716735415734],[4.857767147119302,52.321727370904654],[4.857781451025945,52.3217295830046],[4.857863153468229,52.32173419084537],[4.858044459775941,52.321737904990464],[4.858223547675004,52.32174192351232],[4.858237947417417,52.32174224854304],[4.858314513094688,52.32174465805182],[4.858337078101445,52.32174537009786],[4.858409644018596,52.32174740215203],[4.858435347841574,52.321748119220906],[4.858502547197435,52.32175000140285],[4.858586227503356,52.32175234366385],[4.858595128572207,52.32175252724023],[4.858705915159582,52.32175482874631],[4.858757209873628,52.3217558937446],[4.858818624613482,52.3217570129071],[4.858932156705341,52.32175909277984],[4.859023090921506,52.32176075708416],[4.85902832506599,52.321760942232544],[4.859159457149212,52.32176559008611],[4.859163680670398,52.32176565387612],[4.859185853863068,52.32176601348634],[4.859255057371795,52.32176711325707],[4.859345158382997,52.32176853991211],[4.859521785166494,52.321772320790856],[4.859588581407247,52.321773571410084],[4.859677168981378,52.32177522474593],[4.859791404532183,52.321777360857205],[4.859913632255565,52.32177964033293],[4.860042341680141,52.32178203844225],[4.860168851408954,52.321784399648855],[4.860301798840746,52.32178687926984],[4.860384960687699,52.321788427020486],[4.860478240868932,52.32179017255465],[4.860604237411827,52.321792522022754],[4.860608886064002,52.32179260562909],[4.86069433553897,52.32179419929577],[4.860843252593203,52.32179697407277],[4.861062060277735,52.32180104816348],[4.861062253296689,52.32179465868252]]]},"id":27},{"type":"Feature","properties":{"fid":33,"buurtcode":"BU03620201","buurtnaam":"Oranjebuurt","wijkcode":"WK036202","gemeentecode":"GM0362","gemeentenaam":"Amstelveen","wijknaam":"Patrimonium","id_kv":40},"geometry":{"type":"Polygon","coordinates":[[[4.848290694554243,52.31690227559174],[4.848300948385652,52.31690208861979],[4.848349036762619,52.3168998000704],[4.848420631852123,52.31689533565454],[4.848891317127395,52.316866829929246],[4.848900390143388,52.31686605332273],[4.848987815646612,52.31686110335219],[4.849003557221322,52.31686021237332],[4.849008994713296,52.3168599045615],[4.849009484912665,52.31685987533425],[4.849009977990642,52.316859850614],[4.849064743742833,52.31685707625067],[4.849075603189031,52.316856532453116],[4.84922724229655,52.31683778146712],[4.84987643765575,52.3167440768345],[4.850023527023906,52.31672311113176],[4.850244968867454,52.31669154456612],[4.850285383339716,52.31668709926856],[4.850446807766015,52.31666933395806],[4.850822433527079,52.31660728700346],[4.851078848917062,52.31656738484626],[4.851416402806936,52.31651485234564],[4.851482476575163,52.31650601994751],[4.851831941701591,52.31645928343028],[4.851905914414051,52.31645336714466],[4.851913313145316,52.31645277596958],[4.851999377118326,52.31644753000437],[4.852234397228336,52.316439065958185],[4.852784093049085,52.316419242750484],[4.852969504114312,52.31641150582924],[4.853002768326713,52.31641011912807],[4.853097322601927,52.31640617798899],[4.853205484487808,52.31640486872114],[4.85380779668364,52.316397582603194],[4.854099716465652,52.31639183406328],[4.854236986948217,52.316388336165616],[4.854244142629459,52.316387830032994],[4.85425123404233,52.31638705757056],[4.85425823767947,52.31638602226748],[4.854265122636301,52.31638473297245],[4.854271865459383,52.316383188681044],[4.854278442619814,52.31638139467998],[4.854301741941834,52.31637445317991],[4.854313261515575,52.31637180153247],[4.854325048069689,52.31636963373326],[4.854337047192867,52.31636796211994],[4.854344574369037,52.31636717363914],[4.854352149056389,52.31636658130657],[4.854359756579175,52.316366185955005],[4.854369555969429,52.31636596944688],[4.854517339587707,52.31636265339463],[4.854869268135273,52.31635475543166],[4.854914128436685,52.31635374393691],[4.85512845422744,52.31634892895027],[4.855139397915743,52.316348681573864],[4.855150356161368,52.31634844324975],[4.855207568414381,52.31634715464767],[4.855346069432229,52.316342528530335],[4.855381164179366,52.31634135611069],[4.855481737967539,52.3163337757886],[4.85548576382275,52.31634001885662],[4.855495130872003,52.31635631994756],[4.855503112250664,52.31635961031525],[4.855516648634183,52.3163617104947],[4.855517466610186,52.31635267331072],[4.855568938670695,52.316354323820136],[4.855568513971476,52.31635917534086],[4.855567767296435,52.31636764751092],[4.855568839435245,52.31636776467711],[4.85565305522443,52.31637695568884],[4.855653466394841,52.316376911698434],[4.855334560307021,52.31558156594711],[4.855325903006317,52.31556602390828],[4.855317885136289,52.3155252451092],[4.855311043519115,52.31549034155222],[4.855304142520633,52.31547264942945],[4.855304085626058,52.315472501773144],[4.855304022876331,52.31547235319178],[4.855289413324642,52.31543753963617],[4.855279874174701,52.315414811450026],[4.855272792381344,52.315397522964645],[4.855230520898692,52.315399076516776],[4.855195448541307,52.3153152780066],[4.85512870897549,52.31516193389438],[4.855018343933985,52.3149274751065],[4.854979460534678,52.314864268482765],[4.854970315957535,52.314866042882095],[4.854887614331204,52.314769644726255],[4.854842377573279,52.31470918670566],[4.854769457905145,52.31462505594077],[4.854661099773561,52.31450361886831],[4.854641197429837,52.314475612151185],[4.854641137203613,52.314464853440356],[4.854644803580071,52.314459953600235],[4.854647819305969,52.31445305553118],[4.854646085327849,52.31444233422422],[4.854642104061856,52.31443557632216],[4.854525322708819,52.314310865574996],[4.854420761600617,52.31420677391755],[4.854291824751599,52.314093135124104],[4.854240572438387,52.31405382510415],[4.854192352049531,52.31400872258017],[4.854108115671642,52.31393295301187],[4.854027935402533,52.31386871508346],[4.853937348746479,52.31380034970869],[4.853922106731522,52.31378500976088],[4.853916679304885,52.31377290563906],[4.853881885396858,52.31374905773332],[4.85383846326078,52.31371929466521],[4.853834684259402,52.31371378336072],[4.853849295436984,52.313709591701866],[4.853796072106409,52.313673775157206],[4.853795865536638,52.31367363581301],[4.853775992523392,52.31367795383439],[4.8537550684729,52.31366427885375],[4.853750193956052,52.31366109315252],[4.853722489185685,52.313642992534334],[4.853710339243239,52.313635055404895],[4.853694684391209,52.313634445530305],[4.853676852386486,52.31362951167183],[4.853602036779678,52.31357658636804],[4.853546415869227,52.31353724734518],[4.853408716944059,52.31343919788283],[4.853160751849091,52.3132668603354],[4.852638249370285,52.312912895968374],[4.852417923311804,52.31275964607127],[4.851999755619393,52.31247391878617],[4.851954222035386,52.312443490243915],[4.851846063303504,52.31237121040092],[4.851844675470585,52.31237028376484],[4.85184327734062,52.31236935977851],[4.851840485469155,52.31236751272435],[4.851837675871492,52.31236567637533],[4.851836431910542,52.312364858244386],[4.851836277698505,52.312364755983836],[4.851834898740035,52.31236382309629],[4.851832142289641,52.31236195732781],[4.851830844939343,52.31236106705246],[4.851829436031878,52.31236006392411],[4.851803018643137,52.31234125683626],[4.851802005222596,52.31234053501959],[4.851774955187402,52.3123208065044],[4.851748260770398,52.31230089713949],[4.851721792096789,52.31228087554355],[4.851695403107616,52.31226081475571],[4.851669093792012,52.31224071567486],[4.851629164845895,52.3122100930753],[4.851589309598198,52.31217944383215],[4.851563028170388,52.312158864003784],[4.851537277692502,52.31213803491423],[4.851512062509154,52.31211696107747],[4.851485142697219,52.312093751193984],[4.851458750634987,52.31207031450452],[4.851432887701686,52.31204665820582],[4.851407421219812,52.312022840118324],[4.851382227353511,52.3119989145072],[4.851357306102527,52.31197488137249],[4.851306779094405,52.31192412012685],[4.851257149245967,52.31187302857589],[4.851208419433727,52.31182161122775],[4.851097054224427,52.311714987086354],[4.851092085766482,52.31170868206574],[4.851144837848349,52.31169372179937],[4.851101114590688,52.31163611918963],[4.851032456474287,52.31153535896145],[4.851009863509466,52.31149851424608],[4.850968764786586,52.31142639013786],[4.850932530006555,52.31136073145065],[4.850895170305252,52.31128379689453],[4.85087637376183,52.31124333827486],[4.850854663004441,52.31119660191055],[4.850824287299901,52.311113416493065],[4.850803990874335,52.31105278233606],[4.850796670933391,52.31103598681181],[4.850777493968234,52.311036896598154],[4.850776451320785,52.31103689906004],[4.850774533073111,52.31103727863565],[4.850769955788042,52.31103805869449],[4.850761307479447,52.311039468314235],[4.850752587861034,52.31104071133481],[4.850743808674388,52.31104178691071],[4.850732527070789,52.31104292214057],[4.85072117986937,52.311043782043775],[4.850709786154335,52.31104436490938],[4.850688768216067,52.31104471897175],[4.850675856513334,52.311044472561065],[4.85066297544773,52.31104387486323],[4.850651191253052,52.31104339898144],[4.850651223168987,52.31104379189504],[4.850653044373298,52.31106687285169],[4.850653222339028,52.311071565313796],[4.850653923245107,52.31107654775892],[4.8506185291559,52.31107734081553],[4.850470751151029,52.311080649273265],[4.850458969618773,52.31110168309402],[4.850457224645266,52.31111260439486],[4.850463524329222,52.31123898589491],[4.85046358560851,52.31124022559669],[4.850463585301658,52.31124146501902],[4.850463549601998,52.31128824658641],[4.850463498511205,52.31134832110493],[4.850469892371171,52.31148912671793],[4.850474166589969,52.31158324883663],[4.850472623924748,52.311678063586854],[4.850236410319042,52.31170118770256],[4.850214693964981,52.31169135528423],[4.850089731820328,52.31168833424707],[4.850086383286696,52.31168038277612],[4.85002710494628,52.31168311553124],[4.849958038519024,52.31169030671067],[4.849952531978787,52.311694559015436],[4.849880683187579,52.311703732813854],[4.849844524045437,52.311715604176506],[4.84981686716593,52.31171669189192],[4.849756196402762,52.31171099657579],[4.849754541297492,52.31170246857966],[4.849722401325638,52.311700785623295],[4.849651196358696,52.31170158553726],[4.849472961652285,52.31169953510025],[4.849311584680969,52.311708903712905],[4.849244729824749,52.31171509699554],[4.8489863757886,52.311769403709704],[4.84891875076538,52.31177597259113],[4.848751016044173,52.311778714430005],[4.848751638653255,52.311773441399424],[4.847948015841918,52.311787971927224],[4.847825818770035,52.31179284344372],[4.847765543448282,52.31181498336637],[4.847708931392112,52.31183578100395],[4.847701660451284,52.31183593029513],[4.847632978854013,52.31183734268915],[4.847555405485425,52.311838938275116],[4.847555167859367,52.311838943482535],[4.847554956649547,52.31183894701289],[4.847554510757297,52.31183895486524],[4.847371522027237,52.311841920855976],[4.847095265984414,52.31184648839383],[4.8470937068656,52.31184651273225],[4.847074844829433,52.31184681308263],[4.847029366204347,52.31184729567428],[4.84702863142886,52.31184730310426],[4.847027899487753,52.31184731863623],[4.84699837121643,52.311847928880155],[4.846696688150356,52.31185457689046],[4.846640531434308,52.31185634253804],[4.846523669113009,52.3118601136084],[4.846492730861631,52.311861023766745],[4.846235617546244,52.311869680885245],[4.846235586608977,52.31186150180395],[4.846165748827428,52.31185464822791],[4.846164807011511,52.31184660878578],[4.84612020352957,52.31184735747581],[4.846124161074576,52.31189917163643],[4.846118940749768,52.31190300893574],[4.846118073410061,52.31190306428801],[4.846105773370581,52.31190386995746],[4.846100211168698,52.31190423099083],[4.846048207224474,52.31190576369436],[4.846021713747533,52.31190655025847],[4.845991159662613,52.31190721937154],[4.845802715574162,52.31191137223322],[4.845063979887717,52.31192355569066],[4.844628163924051,52.31193354003764],[4.844348127371612,52.31193995598793],[4.843961900666984,52.31195398348692],[4.843599514047153,52.311967139612115],[4.843228084998024,52.31197743085961],[4.842508127680292,52.31200316648368],[4.842327167078959,52.31201285782005],[4.841913784968854,52.31203130139371],[4.841728324372946,52.312042004672534],[4.84161840217574,52.31205135739217],[4.841515939000816,52.31205874012992],[4.841342833476554,52.31207477566814],[4.841275245120888,52.3120843144315],[4.841217651440371,52.31209079848184],[4.841177488654011,52.3120953137385],[4.840952736348656,52.312093314348054],[4.840819571204847,52.312092129487894],[4.840819985358618,52.31238497618709],[4.840760845643651,52.31238561167197],[4.840760170979633,52.31238561934067],[4.840759530060671,52.312385744906145],[4.84075693841319,52.31238625602652],[4.84075630052643,52.3123863735169],[4.840755710057331,52.312386570319404],[4.840753412852388,52.31238746478342],[4.840752842603004,52.312387686845305],[4.840749167980996,52.312390642151264],[4.840747564477559,52.312393796668694],[4.840749635599087,52.312432987863616],[4.840674443161951,52.31243476250545],[4.840552706422501,52.31243764232609],[4.840552150416745,52.31240154275878],[4.840550497114321,52.312398850447885],[4.840550292958255,52.31239851875159],[4.840549882503809,52.31239826789131],[4.840546559585936,52.31239623566156],[4.840542327952206,52.31239499825189],[4.840497068542437,52.312394773800214],[4.840464441775795,52.312394739842624],[4.840463904539325,52.3124181408188],[4.840464441303158,52.313413763158756],[4.840468507550041,52.314105747258765],[4.840744756596377,52.31410677298131],[4.840760550844267,52.314106899870445],[4.840764047892062,52.3141218529255],[4.840760392052237,52.31427124998008],[4.840741401682338,52.31457641643508],[4.84073771003156,52.314621401519744],[4.840724325119796,52.314656805720915],[4.840690459276591,52.31469287027879],[4.840664085050763,52.31471243180619],[4.840643071320403,52.31472421664641],[4.840635294402695,52.31472694986846],[4.840616057606979,52.314728999191885],[4.840611163945834,52.31473017825469],[4.84060645778291,52.31473161343853],[4.840601972990228,52.31473329321565],[4.840597740506931,52.314735206044865],[4.840593797193257,52.31473733591842],[4.840590169633257,52.31473966767978],[4.840586885899567,52.31474218438189],[4.840583971176174,52.31474486546903],[4.840581449169567,52.31474769127757],[4.840579334798614,52.3147506412044],[4.840577645937215,52.314753692862574],[4.840576397548489,52.31475682205399],[4.840550458982472,52.31506160582086],[4.840548434977106,52.31508545919353],[4.840531716165474,52.31532505177523],[4.840524257497531,52.315416333796584],[4.840523698992929,52.315429543345445],[4.84052332021362,52.31543875413449],[4.840525538772044,52.31544140411688],[4.840533800055536,52.31545044901282],[4.840534875295505,52.31545090517154],[4.840537132352603,52.315451856629196],[4.840543817411662,52.31545467734897],[4.840579571868305,52.31544992622185],[4.840649266699104,52.3154484057463],[4.840671751161766,52.31545180816784],[4.840680399294838,52.31545813961327],[4.840685428411416,52.31546181191233],[4.84069647500578,52.315469880103315],[4.840700534034003,52.315473251321116],[4.840700956455324,52.31547396241346],[4.840705885884121,52.315482281864824],[4.840712365715953,52.31549320416758],[4.840720035725401,52.31553494319336],[4.840724839008417,52.31557128525697],[4.840711165459237,52.31562774663382],[4.840702509880835,52.31569069344996],[4.840679612735912,52.31585722227104],[4.840648492442646,52.31613735536715],[4.840639818901469,52.316208184427566],[4.840636196733016,52.31621889018737],[4.840628738014593,52.31624103771915],[4.840611188751201,52.31629302320109],[4.84061924539884,52.31633433259689],[4.840623094581613,52.316354051731174],[4.840627351282381,52.316364488307656],[4.840638128646051,52.31639088236606],[4.840665441108709,52.31644523130545],[4.840609056129271,52.316621339200864],[4.840602940009216,52.316640446054926],[4.840598455968879,52.316654446368204],[4.840967708748441,52.31670141564624],[4.841046098385672,52.31671573570331],[4.841151875466291,52.31672837557495],[4.841339384541612,52.31672921399843],[4.841440777808918,52.31672265333078],[4.84153356884395,52.31671912673818],[4.841680496207384,52.31671884268564],[4.841789285358058,52.316715515496476],[4.842031699446877,52.316704759980006],[4.842102750135965,52.316702858413365],[4.842167873892113,52.31670110925347],[4.842294030684309,52.31669512931483],[4.842444079466571,52.31669862459701],[4.842465437328991,52.316698282544756],[4.842475324176538,52.31669812135158],[4.842485211024015,52.3166979601576],[4.842556883250957,52.31669679818312],[4.842610248737184,52.316695929378334],[4.843479483176534,52.316681835302504],[4.843641506940713,52.3166823192519],[4.843653297941266,52.3166823554543],[4.843706460100109,52.31668251882223],[4.843757313630491,52.31668197949692],[4.843830279330413,52.31668417515703],[4.843979682146936,52.31667933379666],[4.8441277707146,52.31668962173498],[4.844134965592398,52.31669012213264],[4.844153443740708,52.31669140234222],[4.844247473467054,52.31669089922127],[4.844359968816798,52.31669030100601],[4.844421822436641,52.31669211275884],[4.844569998439283,52.31669645419006],[4.844786991965144,52.31670281149867],[4.844966299940302,52.31670267183213],[4.844978780758745,52.316702666125074],[4.844991247021713,52.31670265136219],[4.845061849705807,52.316702597459454],[4.84508599181857,52.31670364283316],[4.845111321371839,52.316704729594704],[4.845193982139506,52.31670806535643],[4.845512403536337,52.31672302359932],[4.845874283794251,52.31673169064246],[4.846270957233845,52.31675076181556],[4.846286963073199,52.31675153605534],[4.846302969022537,52.316752301305584],[4.84640250752039,52.3167570885317],[4.846657188629089,52.31676864248811],[4.846672945829727,52.31676936161242],[4.846684994597865,52.316769910997],[4.846710631323504,52.31677107072201],[4.846747400552217,52.316772750467514],[4.846749487513874,52.316780226198354],[4.84684891449332,52.316785750440225],[4.846949666246822,52.3167944973955],[4.846955409210549,52.31679499997843],[4.847175013058535,52.31681109325805],[4.847180507920251,52.31681149583127],[4.847618097303108,52.316848967599036],[4.847677301147943,52.31685403713402],[4.847819825395143,52.316867341942796],[4.848089135097208,52.316889313498265],[4.848229182302495,52.31690130328801],[4.848249666442216,52.31690202216754],[4.848270177366456,52.31690234659955],[4.848290694554243,52.31690227559174]]]},"id":33},{"type":"Feature","properties":{"fid":41,"buurtcode":"BU03621002","buurtnaam":"Hemellichamenbuurt","wijkcode":"WK036210","gemeentecode":"GM0362","gemeentenaam":"Amstelveen","wijknaam":"Waardhuizen, Middenhoven","id_kv":49},"geometry":{"type":"Polygon","coordinates":[[[4.860152294813099,52.285429887565634],[4.860175361088862,52.285428300659774],[4.860198137714828,52.285425555717914],[4.860220467658502,52.28542167091491],[4.860243491690843,52.2854161039731],[4.860265651958961,52.28540934587814],[4.860286785185492,52.2854014471338],[4.860306735346326,52.28539246456783],[4.860325355082884,52.28538246583209],[4.860393576536904,52.28534044587232],[4.860396284279928,52.28533851835155],[4.86039867142616,52.2853364366083],[4.860400714272351,52.28533422210795],[4.860465626333717,52.285252362054216],[4.860471295859664,52.28524747363571],[4.860477313750143,52.2852427458543],[4.860483674036733,52.285238187671325],[4.860654384823884,52.28513152484474],[4.860674833960882,52.28511875424876],[4.860711051952492,52.28509612225558],[4.860718538412245,52.28509249752287],[4.860726452972741,52.28508923061605],[4.860734748504768,52.28508634109847],[4.860851006423143,52.28504956796743],[4.86085622702098,52.28504731367797],[4.860916508676813,52.285005532202355],[4.860916702259885,52.28500539734698],[4.860948150678477,52.28498206097244],[4.860976156459961,52.28495984174107],[4.861003112816832,52.28493713248705],[4.861023865360614,52.28491852105724],[4.861055733021638,52.284888229898435],[4.861076097199414,52.28486775623944],[4.861094153236954,52.28484789247059],[4.861111099862237,52.28482765525953],[4.861134734330235,52.28479832510083],[4.861142357386523,52.284788473245],[4.861149730684643,52.28477854927315],[4.861156849785801,52.284768556760774],[4.861166247986044,52.28475483183318],[4.861175356879571,52.28474103281591],[4.861184173493152,52.28472716329086],[4.86119270512245,52.28471322598699],[4.861200916649723,52.284699216254204],[4.861208808032714,52.28468513768747],[4.861222775810209,52.284657777792695],[4.861235032595141,52.28463010469699],[4.861247901738893,52.284596502320944],[4.861258795576179,52.28456263050815],[4.861266767475822,52.28453170271062],[4.861273158159038,52.284500642048634],[4.861276029894305,52.28448335314681],[4.861278154670101,52.2844660249709],[4.861281887253252,52.28442303455118],[4.861282707547677,52.28440869353776],[4.861283111695343,52.28439434707817],[4.861283099675402,52.28437999696977],[4.861282734745114,52.28436785361463],[4.861282018032141,52.28435571498623],[4.861280950938448,52.28434358648351],[4.861278895047469,52.28432646440832],[4.861276588311967,52.28430725602822],[4.8612744680047,52.28429446582625],[4.861265657784745,52.28425501476688],[4.86125297844294,52.28420938080723],[4.861247458551044,52.2841940768504],[4.861243202250164,52.2841843231398],[4.86123786054178,52.28417477132199],[4.861231454834205,52.28416547002669],[4.86122776709,52.28416117449021],[4.861223720279029,52.284157004085486],[4.861219321622297,52.284152967832426],[4.86120278582751,52.28414047930628],[4.861184338281988,52.28412904284301],[4.861164150621972,52.28411876795867],[4.861142423919524,52.2841097535149],[4.861123467028521,52.28410396276215],[4.861004874662339,52.28386388275269],[4.861000041832746,52.28385517625159],[4.860994258199302,52.28384669111465],[4.860987548217583,52.283838466098395],[4.860978146018137,52.28382925661055],[4.860774071784907,52.28369445565112],[4.860695315856964,52.283653569611765],[4.860681588343072,52.28364701922862],[4.860651373138993,52.283633106243464],[4.860606305562564,52.28361358157664],[4.860601711069833,52.283611736572915],[4.860563627456896,52.283596476288906],[4.86052003038893,52.28358024770478],[4.860476696881214,52.28356527858252],[4.860432665391227,52.28355108828061],[4.860403562306751,52.283542276317334],[4.860335791781759,52.283522964966686],[4.86027336438638,52.28350663440384],[4.860248899217321,52.28350095287999],[4.860236280619774,52.28349853282639],[4.860222633138763,52.283496368834314],[4.859791133357899,52.28338866639595],[4.859692933359159,52.28336494069957],[4.859687574016712,52.283363707019014],[4.859632611328313,52.28335104232369],[4.859632286954282,52.28335096088412],[4.859631892538689,52.28335085396596],[4.859416536559096,52.283292433278625],[4.859305564523613,52.28325456622649],[4.859217161585683,52.28322160837512],[4.859147829451768,52.28319566529291],[4.858891272941822,52.283103786467954],[4.858881332200701,52.28309801676465],[4.858854706640402,52.28308178250519],[4.858834991927469,52.283069776466576],[4.858819839968644,52.283060179795925],[4.858804913814923,52.28305045021296],[4.858790216365072,52.283040590427],[4.858772346255234,52.28302825467705],[4.858754760815764,52.283015765605064],[4.8587374644001,52.28300312682571],[4.858715650501672,52.282986491609954],[4.858712135831495,52.28298381548516],[4.858686894568381,52.28296455845661],[4.858645003731487,52.28293064863893],[4.858631433589602,52.282919162570714],[4.85861809768235,52.28290757418736],[4.858604998929761,52.282895884400794],[4.858594174451983,52.28288593405037],[4.858583595887076,52.28287588503288],[4.858573263192208,52.28286574094329],[4.858542881863321,52.28283508223544],[4.858522327335018,52.28281360814237],[4.858502752614464,52.28279230919691],[4.858466771070225,52.282750741093835],[4.858438050877314,52.28271596434574],[4.858420122798821,52.282691760674254],[4.858417829471206,52.282688667571946],[4.85840939702334,52.282681035092935],[4.858399906632059,52.282673885025126],[4.858389430915468,52.28266727251921],[4.858378049861241,52.282661249163695],[4.858365850847981,52.28265586118734],[4.85835293011062,52.28265114946579],[4.858340849016518,52.28264656732903],[4.85832813236734,52.28264268609979],[4.858314889714562,52.28263953592793],[4.858301230630912,52.28263714516582],[4.858287272122871,52.28263553321138],[4.858273131260982,52.282634714070085],[4.858258927597579,52.28263473950765],[4.858257717096064,52.2826347412825],[4.858256507514794,52.28263478889968],[4.858254088213285,52.282634895817665],[4.858252878557181,52.28263494972598],[4.858251675971503,52.28263502523688],[4.858240490235562,52.28263586948856],[4.858231383825798,52.282637591272064],[4.858214586611176,52.282606047725515],[4.858198904662067,52.282576597052824],[4.858198811538925,52.28257641777715],[4.858198715506378,52.28257623669095],[4.858172999489454,52.28252793845612],[4.858182503377184,52.28252495475847],[4.858183771344371,52.282524556875636],[4.858184963003526,52.282524044505166],[4.85819762055508,52.282518598753576],[4.858209552216146,52.28251233095619],[4.858220394838544,52.28250546328698],[4.858230157032951,52.28249801106411],[4.858238755978729,52.28249003773137],[4.858246117594326,52.28248161126552],[4.858252176547947,52.28247280327763],[4.858256886493876,52.28246369085636],[4.858259016078966,52.282458370565564],[4.858262769678742,52.28243984264727],[4.858263970483592,52.28242118736463],[4.858262611074563,52.28240253590766],[4.858258698665212,52.28238402132931],[4.858219598692988,52.282317605657674],[4.85813829676943,52.28218440087574],[4.858068083782474,52.282065167901756],[4.85768760384846,52.28148074361619],[4.857644678797334,52.28141572170547],[4.857537554162465,52.28125342385239],[4.857465123022972,52.2811558144072],[4.857450902534361,52.28113809937056],[4.857436379072014,52.28112047734748],[4.857421555545477,52.28110295014834],[4.857073455676356,52.28072335009536],[4.857050004118083,52.280697953009195],[4.856997531242513,52.280641120944395],[4.856966031444401,52.280607391922956],[4.856873573931199,52.28050704085125],[4.856805464474573,52.2804331064997],[4.856796718615565,52.280425517433606],[4.856668037523278,52.28033128621849],[4.856641348656602,52.280303366898735],[4.856582193753258,52.28023923344993],[4.856576739258117,52.28023102908761],[4.856553316330604,52.28017871328578],[4.8565495956828,52.280172450898846],[4.856546067535882,52.28016835455944],[4.856542526523492,52.28016423119846],[4.856439864782466,52.280065694465804],[4.856418229265206,52.28004167156154],[4.856396050856486,52.280017709130995],[4.856387222700813,52.28000966128144],[4.856376223253695,52.280000597038345],[4.856361590990686,52.2799919119503],[4.856345747076861,52.27998406807959],[4.856328819718764,52.279977128017954],[4.856310946011026,52.279971146307794],[4.856292268962847,52.27996617302435],[4.856272939049176,52.27996224659221],[4.856253114135642,52.27995940007628],[4.856232952205718,52.27995765665574],[4.856219273911635,52.27995572574281],[4.856209862660033,52.27995393083547],[4.856200553303282,52.279951947639134],[4.856191356098625,52.279949776200034],[4.856177601286148,52.27994689042427],[4.856163476674574,52.279944784932624],[4.856149096353163,52.27994347731457],[4.856134583299517,52.27994297711021],[4.856120054672904,52.27994329023854],[4.856077944058268,52.2799478197138],[4.856046175969683,52.27995138000778],[4.856037118839291,52.27992091529432],[4.85603379730343,52.27991069012339],[4.856026337903985,52.27988865424421],[4.856019727425006,52.279869156764775],[4.856020131027373,52.27986910465073],[4.856039686710748,52.27986651411772],[4.85604027379794,52.27986643586428],[4.856040624821079,52.27986636913334],[4.856044946329996,52.27986513383839],[4.856048902015893,52.27986311854816],[4.856051805306815,52.27986051072146],[4.856052283762161,52.279860080553284],[4.856054684903356,52.27985436515299],[4.85605453042301,52.279853925849714],[4.856053964023381,52.27985214909476],[4.856053822730776,52.2798517098507],[4.856053478689781,52.279851314635295],[4.856051402903982,52.279848928011475],[4.856050409969673,52.27984826473795],[4.856049411217116,52.279847597843116],[4.8560488859351,52.27984728629964],[4.856048277726784,52.279847047185555],[4.856045822049801,52.27984604029434],[4.856045216879455,52.279845792206],[4.856044514983299,52.27984566771603],[4.856040278792912,52.27984491257561],[4.856038809642093,52.279844860136905],[4.856037337571407,52.27984480678623],[4.856032392096671,52.279845404732185],[4.856012771487008,52.27984778825066],[4.85600272426861,52.27981065905546],[4.856002977073252,52.279810595478494],[4.856004893751063,52.27981010795838],[4.85600588741819,52.27980985087519],[4.856007048784396,52.27980953971927],[4.856008961388229,52.27980902521711],[4.856009199539841,52.27980896157428],[4.856020621106049,52.27980537009679],[4.856031469763596,52.27980116037344],[4.856041655710252,52.27979636705373],[4.856051093486151,52.27979102930064],[4.85605970782426,52.27978519171572],[4.856066517683669,52.279779526680244],[4.856072475938167,52.27977351178469],[4.856077532198952,52.27976719443858],[4.856081647767504,52.27976062480045],[4.856084789774386,52.27975385575131],[4.856088273723694,52.27974434423392],[4.856090583965916,52.27973617742557],[4.856091728870723,52.279727918199605],[4.856091698884987,52.279719630327136],[4.856090491825019,52.27971137401728],[4.856088120095703,52.27970321493734],[4.856078066600515,52.27968648824073],[4.856077862837695,52.27968624914617],[4.856054721953813,52.27965910330658],[4.856055237067248,52.27965670765041],[4.856055278916329,52.279656516396244],[4.856055115162445,52.279656362866376],[4.856023385317959,52.27962655396806],[4.855941822671721,52.27955171379159],[4.855859770956237,52.27947735670526],[4.855857164033676,52.279474783438886],[4.855826173643991,52.2794504397531],[4.855792616371686,52.27942741113474],[4.855756643404977,52.279405798925566],[4.855714862539112,52.279382772864935],[4.855677559457834,52.27936346004699],[4.855638460881883,52.27934553406571],[4.855597703826884,52.27932905575435],[4.855477399700874,52.279285966048484],[4.855398125171742,52.27925519444427],[4.855359691110444,52.27924029039316],[4.855338176748798,52.279231951708034],[4.855288969041077,52.27921364668071],[4.855198122505964,52.27917885921458],[4.855159786170278,52.27916314662694],[4.85513285036416,52.27915110745676],[4.855098555634248,52.279134406393496],[4.855065251483635,52.279116972771256],[4.855019514727724,52.27909150192399],[4.854980404676358,52.27906820899786],[4.854943045227762,52.27904385887406],[4.854907511984433,52.27901850132812],[4.854846547210426,52.278969423447066],[4.854793272160732,52.27891708789661],[4.85474814740685,52.278861945257404],[4.854711564354901,52.2788044700651],[4.854614256519391,52.27862041799243],[4.854554801065127,52.27849334348552],[4.854498165188197,52.278365784618515],[4.854444361751983,52.27823776661956],[4.854368920720828,52.27804377337214],[4.85436516395368,52.278036774640746],[4.854360516753118,52.27802998041521],[4.854355007907533,52.27802343396715],[4.854346870345733,52.27801565870927],[4.854337738569883,52.278008311287635],[4.85432767210597,52.27800143780852],[4.854316736340825,52.27799508440473],[4.854305685287974,52.277990281791574],[4.854293958313354,52.277986125056906],[4.854281657585066,52.27798264791624],[4.854268888233872,52.27797988140222],[4.854255755487348,52.27797784845878],[4.854242373429029,52.2779765666771],[4.854233157248138,52.277976143144016],[4.854223916558656,52.27797605295082],[4.854214682108882,52.277976298033614],[4.854198066827021,52.277977400540784],[4.85417932198878,52.277925105324485],[4.854189436298954,52.27792370297476],[4.854199596449257,52.27792189907177],[4.854209511460036,52.27791964197143],[4.854219129907682,52.2779169431262],[4.854229988393016,52.2779132342379],[4.854240287939032,52.2779089682755],[4.85424995344146,52.2779041763582],[4.854258912672767,52.27789889411221],[4.854267100710179,52.27789315899417],[4.854274458405831,52.277887015677116],[4.854280929563981,52.27788050704977],[4.854286851916049,52.27787271786898],[4.854286960579688,52.277872576350006],[4.854286993320203,52.277872412019036],[4.85429053104613,52.27786711521879],[4.854293484750469,52.277862621101676],[4.854295773451381,52.27785798377566],[4.854297379124735,52.27785324000995],[4.854298288142138,52.277848426593486],[4.854298846728565,52.2778432646646],[4.854298879672778,52.277842961022095],[4.854298964191804,52.277842755580195],[4.854298963317966,52.27784258390737],[4.854298973147387,52.27783515904826],[4.854298205135512,52.27782844791728],[4.854296849123031,52.2778217709862],[4.854293359313486,52.277810960788614],[4.854205125074403,52.277680758887826],[4.854201127700677,52.27767403409551],[4.854197538717583,52.277667223062835],[4.854194365332633,52.27766033570907],[4.854130904518703,52.277486574129334],[4.854129421103772,52.277481360750194],[4.854128631461744,52.27747609028036],[4.854128543952872,52.27747079870917],[4.85413403926658,52.277391289561635],[4.854134059897844,52.27738418831492],[4.854133475242194,52.277377096922],[4.854132286538945,52.27737003426304],[4.854129015176359,52.27735567482395],[4.854018504802161,52.277053533551886],[4.853963725773742,52.27690373680462],[4.85395107240001,52.27685294482793],[4.853946591250019,52.27680163695559],[4.85395032619726,52.27675030682228],[4.85396623192471,52.276696882577895],[4.85399061867682,52.27664467669449],[4.85402324888138,52.27659419231664],[4.854053374378506,52.276556828856776],[4.854089358874801,52.27652146914844],[4.85412673442,52.276491075225536],[4.854121259759238,52.276492943391474],[4.854116021360066,52.27649478206366],[4.854110541709451,52.27649633293369],[4.854104860529211,52.27649758269878],[4.854099021872139,52.27649852346846],[4.854093072732194,52.27649914646671],[4.854087057119115,52.27649944739807],[4.854081021951469,52.27649942377768],[4.854075012650335,52.27649907581038],[4.85406907752408,52.27649840730916],[4.854063259031072,52.27649742116193],[4.854057603939063,52.27649612746628],[4.854052156106952,52.27649453450914],[4.85404695640937,52.27649265505795],[4.854014638803754,52.276477463560084],[4.853922329885436,52.276432594838994],[4.853922814961674,52.2764316110543],[4.853923786633151,52.27642963899778],[4.853924199979698,52.276428649496765],[4.853924477365318,52.276427634216326],[4.853925033590932,52.276425604560785],[4.853925075869123,52.27642354472444],[4.853925048613876,52.27642251818311],[4.853924896774459,52.27642149467496],[4.853924591662778,52.276419444955856],[4.853627769411536,52.27561103694877],[4.853615608950771,52.27557919095008],[4.853615374519341,52.2755785796133],[4.853615140109479,52.275577966479105],[4.853611900440265,52.27556954007797],[4.853603786755738,52.275548462774296],[4.853600177480166,52.27553909007587],[4.853587011589751,52.27549456749038],[4.852864793601432,52.275593434907044],[4.852827297321135,52.275597157184855],[4.852476595996976,52.275645687080214],[4.852451506074543,52.275650975322144],[4.852396906036789,52.275658588255375],[4.851585689466443,52.27577169191049],[4.850490093157554,52.27592119814811],[4.850455879691546,52.2759248267237],[4.850144819612331,52.27596877508522],[4.85012034720928,52.275973849928974],[4.849832211449547,52.276014434080224],[4.849772830574924,52.27602243302175],[4.849744211445054,52.27602629354528],[4.849727157330816,52.27602859780658],[4.849648109939337,52.276039248583174],[4.849632742287902,52.27604143466867],[4.849584659543497,52.27604825354704],[4.849599875803257,52.27609011560338],[4.849621970115818,52.27616652338765],[4.849629560612288,52.276177398215545],[4.849637685592593,52.27618902865974],[4.849739970610701,52.276458645509884],[4.849768176862842,52.27653748980478],[4.849885242304919,52.27685004599747],[4.849908875007046,52.27693175458154],[4.849984382793752,52.2771594638127],[4.84998477579466,52.27716065200177],[4.849985060359504,52.277161476586784],[4.850001071829321,52.277208048259745],[4.849965052774781,52.27726427199021],[4.850049854393673,52.2772974757513],[4.850064161319064,52.277303077303074],[4.85010372785151,52.27731856346331],[4.850128258221155,52.277328166130275],[4.850064766604524,52.277388976539726],[4.850080701844764,52.27739515711804],[4.850081282310991,52.277395382655264],[4.850081790254285,52.27739566808194],[4.850085319678999,52.27739777110809],[4.850086035184637,52.277398341495456],[4.850087382081498,52.27739953132152],[4.850088050450521,52.27740012216693],[4.850088599583203,52.277400758308914],[4.850089603607833,52.27740206881263],[4.85009010418208,52.27740272181098],[4.850090488645769,52.27740340394193],[4.850091192886419,52.27740478588569],[4.850091534588124,52.2774062183122],[4.850091704738934,52.277406931825865],[4.850091769328731,52.27740765025275],[4.850091785545241,52.277409098277516],[4.850091794651997,52.27740980027409],[4.850091664617029,52.27741049714452],[4.850091294633796,52.277411892183636],[4.850091110439899,52.27741258431414],[4.850090794582305,52.27741325876936],[4.850090056025326,52.27741459730778],[4.850089688982636,52.277415263441384],[4.850089200695574,52.27741589846527],[4.850088134949118,52.27741715103092],[4.850087602813904,52.277417776867644],[4.850086994812756,52.27741837539602],[4.850082703736714,52.27742267818282],[4.850079066441809,52.27742720234585],[4.850076092229604,52.277431905684224],[4.85007380938446,52.27743675147616],[4.850072230095036,52.27744170112905],[4.850071367993532,52.27744671785454],[4.850071232359909,52.277451761249154],[4.850071822206718,52.27745679176168],[4.850073133594369,52.27746177162501],[4.850132410075417,52.2776239759596],[4.850238822894872,52.277915110097624],[4.850240354529577,52.277921511946154],[4.850241232082681,52.277927959358536],[4.850241447055416,52.27793442802886],[4.850226981117708,52.277956544465944],[4.850203729069317,52.27798546078612],[4.850201682096888,52.27798873117352],[4.850200099952897,52.27799209624768],[4.850198991721851,52.27799553178245],[4.850198366488264,52.27799901355186],[4.850198226043008,52.278002514600345],[4.850198575085738,52.27800600978305],[4.850199409513811,52.27800947481408],[4.8502339995097,52.27810575842901],[4.850237546978327,52.27811207685773],[4.850241958572155,52.27811818709666],[4.850247201111642,52.27812404585301],[4.850253228229977,52.27812960977421],[4.850260005238836,52.27813483915582],[4.850267482775678,52.27813969602434],[4.850317957906608,52.27816563065213],[4.850326307460005,52.27817035486082],[4.850333983851161,52.27817549125302],[4.850340934775949,52.27818100274098],[4.850347109406246,52.278186851344785],[4.85035246573787,52.27819299642834],[4.850356967670942,52.27819939378706],[4.85036058203601,52.2782059992297],[4.850374751041507,52.27824490927646],[4.850381261218406,52.278262779820686],[4.850391387712621,52.278290616391004],[4.850402890499365,52.27832218918818],[4.850522001599631,52.27864934126635],[4.850559051843045,52.27875083004631],[4.850677750148163,52.27907594879484],[4.85067821368916,52.27907930967644],[4.850678184734821,52.27908268180484],[4.850677662134156,52.279086039109956],[4.850676652073398,52.27908935465617],[4.850675160749631,52.27909260060906],[4.85066112312362,52.279111995705236],[4.850702326866014,52.27930897274177],[4.850709200720424,52.27933061084336],[4.850712030986183,52.279334201769174],[4.85071540416473,52.27933761090658],[4.850719289842909,52.279340808457555],[4.850723653200834,52.279343765502695],[4.850728455001054,52.2793464549002],[4.850733239037596,52.27934867325104],[4.850738319351147,52.279350626005446],[4.85074366095909,52.27935229772528],[4.850749220043726,52.279353676527336],[4.850856368478373,52.2793754729734],[4.850865895839145,52.27937769755786],[4.850875089189635,52.2793804005801],[4.850883882808947,52.27938356376626],[4.850892216869789,52.27938716617297],[4.850900033085947,52.27939118057208],[4.850907276090873,52.27939558064771],[4.85091389790941,52.279400334724734],[4.85091985056633,52.27940541112792],[4.850925093466949,52.27941077372168],[4.8509295889471,52.27941638638366],[4.850933309664577,52.279422207645574],[4.850943822533024,52.27945086381189],[4.850965502539496,52.279511037260356],[4.850965679671119,52.27951712916254],[4.850964945521989,52.279523206145896],[4.850963303650781,52.279529216096876],[4.850960772258268,52.27953510786689],[4.850957369523578,52.279540832104914],[4.850953123861258,52.27954634130393],[4.850948071023197,52.27955158709131],[4.850942255477253,52.27955652742555],[4.850899385252522,52.27958393480025],[4.850895753458307,52.279587022745616],[4.850892554785689,52.27959028432456],[4.850889809998086,52.279593698959],[4.850887541378412,52.27959724158406],[4.850885760930874,52.27960088888557],[4.850884482168341,52.2796046139613],[4.850883717116727,52.279608391699526],[4.850883466101278,52.279612195138164],[4.850883735297582,52.27961599824031],[4.850884519169712,52.2796197740171],[4.85094550138747,52.279786102953345],[4.850996257944604,52.279924530182285],[4.851059278235995,52.28009642191279],[4.851058128445644,52.28012008183229],[4.85105246622631,52.28023714149169],[4.851100406270309,52.28037029077897],[4.851093946706678,52.28037005476649],[4.851037321163908,52.280367955464584],[4.851036153157781,52.280370636650055],[4.851043714966607,52.28039540563481],[4.851047721520681,52.28039989078895],[4.851066908554606,52.2804511449963],[4.851028383686031,52.280456570648205],[4.850923697340217,52.280485577042604],[4.850932943088499,52.280509840463395],[4.850888704066258,52.2805159133446],[4.850902277036162,52.28057640054344],[4.850924182844705,52.28063611752552],[4.850949013374336,52.28070485274184],[4.85096836523565,52.2807587240864],[4.850985116884429,52.28080535377042],[4.851083939446659,52.28079190124947],[4.851087302167748,52.28079849923308],[4.851090929720292,52.28080586059101],[4.851095934795575,52.28081601534174],[4.851097145093745,52.280841556341315],[4.851097117063076,52.280847407334534],[4.851144978784,52.28084730078748],[4.852052807792913,52.28072267981637],[4.85217613525244,52.28070574753407],[4.852191914469094,52.28070358095329],[4.852242365815982,52.280723420833176],[4.852250636928628,52.280746053827066],[4.852333020182733,52.280971537381944],[4.852554657247445,52.28157813519331],[4.852566800541324,52.2816114812643],[4.852582205762277,52.28165374009846],[4.852499772298914,52.2816650327067],[4.852497958021647,52.28166528155529],[4.852496146685891,52.281665529518435],[4.852324390762896,52.28168907475666],[4.852050091119896,52.2817266782825],[4.851805469799207,52.28176033596683],[4.851471160320787,52.281806367568315],[4.851397056448102,52.281817005084],[4.851389977144023,52.281818442522166],[4.851383136488458,52.281820263026965],[4.851376587407707,52.281822452457625],[4.851370385823802,52.281824991294314],[4.85136457884496,52.28182786177483],[4.851359213676888,52.281831038048225],[4.85135433455129,52.28183449784532],[4.851349979935901,52.28183821078169],[4.851346015287716,52.28184215377783],[4.851342659217227,52.28184630535487],[4.851339940021349,52.281850627891984],[4.851337884510008,52.28185508555915],[4.851336504850312,52.28185964156112],[4.851335819103343,52.28186425643308],[4.851336447253972,52.281871719232235],[4.85139199699454,52.282025430292244],[4.851399862336928,52.282046452668816],[4.851401564532567,52.282051008257085],[4.851330194928313,52.282060903139765],[4.851329103358203,52.28205796813892],[4.851328302255729,52.282056102216394],[4.85132785762417,52.28205517894203],[4.851325394349509,52.28205163913029],[4.851324515884127,52.28205084241645],[4.851322751680732,52.28204924446185],[4.851321815730153,52.28204847534994],[4.851293687977154,52.281966735983865],[4.851293641276857,52.28196659825741],[4.851293705247029,52.281963600185925],[4.851293344140442,52.281960610074364],[4.851292562082551,52.28195765041119],[4.851284885788427,52.281936754714316],[4.851283819123084,52.28193455054168],[4.851283249042482,52.28193345772606],[4.851282574671535,52.28193238510986],[4.851281225929738,52.28193023987748],[4.851249620359683,52.281841242289055],[4.851194235597102,52.2818040060266],[4.851240853057996,52.28175875659105],[4.851231146503443,52.28173256680425],[4.851223809063927,52.28171274309671],[4.850769073046574,52.2817754565144],[4.850775825036489,52.281793867393645],[4.850762983467057,52.281795435938314],[4.85072829606011,52.28180032075791],[4.850716232009162,52.28180182002357],[4.850704743566236,52.28177030217241],[4.850414342637325,52.28180972618802],[4.850341605310094,52.281821250959624],[4.850304377401433,52.28179986149018],[4.850194887872606,52.281886654672626],[4.850180993546988,52.281913509409826],[4.850183557734818,52.28192082012605],[4.850348128439721,52.28238936943183],[4.850349231905548,52.282392528294224],[4.850310270329084,52.28242754796857],[4.850338745434903,52.28249896115494],[4.85040529253596,52.28252808748512],[4.850518923349123,52.282833041257554],[4.85053083294101,52.28286501042629],[4.850542610869841,52.282896961918944],[4.850566239127795,52.282961062962286],[4.850566585396936,52.28296200017357],[4.85056693168778,52.282962935587385],[4.85062436150435,52.28311825086475],[4.850613725626061,52.283119655038966],[4.850713361771518,52.28338942937357],[4.850726031586886,52.28338768029615],[4.850797689209589,52.283586161463965],[4.850808707646022,52.283616716355766],[4.850829160533843,52.28367586677972],[4.851050095772511,52.28364550290718],[4.851055803240611,52.28366075427628],[4.85106021688119,52.28367258437941],[4.851177310538263,52.283656811255526],[4.851368964694738,52.28363045565647],[4.851432738959041,52.283630834540304],[4.851752334189021,52.28358599468884],[4.851914986628386,52.28358023293838],[4.851995227931683,52.28357738751372],[4.852009979496169,52.28357655190389],[4.852024655361182,52.28357530879811],[4.852039223276175,52.283573658949244],[4.852113933356138,52.28356280716105],[4.852302171299717,52.28353650289867],[4.852393170750021,52.283523786838124],[4.852440035081877,52.28351789603244],[4.852452473014403,52.28351714697232],[4.852464970359081,52.28351706328351],[4.852477433329422,52.28351764454183],[4.852489765262116,52.28351888581617],[4.852501876853359,52.28352077951238],[4.852513673034864,52.283523309921264],[4.852525069039466,52.2835264577849],[4.852535975746873,52.28353020023079],[4.852546311428653,52.28353450902687],[4.85255600173741,52.28353935148083],[4.852564966517972,52.28354469037999],[4.852573144687169,52.283550486800316],[4.852580473761122,52.28355669641884],[4.852586895684528,52.28356327223617],[4.852592361226932,52.28357016459647],[4.85259683290279,52.28357732209932],[4.852600277655158,52.28358469066818],[4.85264896763471,52.28371953143251],[4.852831376285294,52.28422472938495],[4.852834327079059,52.28423040419252],[4.852840557924527,52.28424240422118],[4.852871612225568,52.284288770178186],[4.852950335215479,52.28440631001212],[4.853066364517092,52.28472328880085],[4.853140835076452,52.28492655373401],[4.853149546762197,52.28494799324404],[4.853157536693465,52.284964854658554],[4.853161099746382,52.2849710535198],[4.853165308009186,52.284977099804664],[4.853170141267699,52.28498296825569],[4.853187244696884,52.285001236988734],[4.853194725908839,52.28500932751965],[4.853203277486207,52.28501700944142],[4.853212841468727,52.28502422766586],[4.853223351016805,52.285030934255104],[4.853234394106008,52.28503714622271],[4.853246192637729,52.285042813339714],[4.85325867524607,52.285047898433234],[4.853271764595194,52.285052373291364],[4.853286473420019,52.285056478868526],[4.853301692740679,52.2850598119931],[4.853317315857452,52.28506234881458],[4.853333230133087,52.28506407174725],[4.853349324320204,52.28506496950323],[4.853365485673532,52.28506503348432],[4.853381596921892,52.28506426585739],[4.853388717308093,52.28506322844588],[4.853472970661286,52.28505234697697],[4.853500417619932,52.28504892065529],[4.855374510266123,52.284795035674335],[4.855431921056031,52.284787473533015],[4.855489413911343,52.28478015530463],[4.855546988832963,52.28477308098907],[4.855667224836115,52.284759480031504],[4.855787903721446,52.284747443037034],[4.855908969727825,52.284736976944],[4.855986654248698,52.28473190270051],[4.856064423309762,52.28472735637473],[4.856142271041173,52.28472333883887],[4.856323548035668,52.284717099210965],[4.856505068733571,52.284714749457365],[4.856686613330877,52.28471629128688],[4.856720183350421,52.28471700095345],[4.856753744424995,52.28471784628751],[4.856787295078723,52.28471882818112],[4.856951343269111,52.284724369815684],[4.857115217669291,52.28473158488638],[4.857278872868298,52.284740473190354],[4.857407131986416,52.28475000708617],[4.857534787761584,52.28476221383332],[4.857661690899398,52.28477707928314],[4.857790609633894,52.28479437405875],[4.857918873127771,52.28481341300514],[4.858046419973978,52.28483418506396],[4.858159184885939,52.28485340245139],[4.858191439435035,52.28485850807968],[4.858608940284254,52.2849167832642],[4.858760617177487,52.28495686413935],[4.858929909388098,52.28500442055178],[4.859257569038747,52.28510880430016],[4.859437709942275,52.28517344045953],[4.85951421282667,52.285203010508],[4.859546072147523,52.28521564494854],[4.859577821804006,52.28522838315048],[4.859609460341425,52.28524122420867],[4.859694150329201,52.28527633215429],[4.859778015404102,52.28531217606169],[4.859861038046415,52.285348750461694],[4.860046792536838,52.285422155930284],[4.860066196756208,52.28542548167349],[4.860085936469065,52.285427952363975],[4.860105913625167,52.285429555880164],[4.860129092882632,52.28543030723522],[4.860152294813099,52.285429887565634]]]},"id":41}]}